F452;Time-series 9 (glnK mutant in F134 medium);;;;;;;;;;;;;;;;;;
;;;;;;;;;;;;;;;;;;;
Online data;;;;;;;Offline data;;;;;;;;;;Abbreviations;;
;;;;;;;;;;;;;;;;;;;
Time;TAI;pH     ;DO;Agitation;CO2;;Sample #;TAI;CDW;RED;ACT;TBP;Glucose;Glutamate;PO4;;TAI;Time after inculation;
;[h];;[%];[rpm];[mmol/l/t];;;[h];[g/l];[spec units];[spec units];[spec units];[g/l];[g/l];[mg/l];;RED;undecylprodigiosin ;
15.03.2010 15:09:51 ;0,12;7,04;96,5;311;1,4;;1;1,0;;;;;41,6;57,1;491,7;;ACT;actinorhodin ;
15.03.2010 15:14:52 ;0,21;7,04;95,8;309;1,4;;2;17,0;0,11;;;;;;484,1;;TBP;total blue pigments;
15.03.2010 15:19:54 ;0,29;7,01;95,9;315;1,2;;3;18,0;;;;;;;;;;;
15.03.2010 15:24:59 ;0,38;7,04;96;318;1,2;;4;19,0;;;;;43,3;50,3;;;;;
15.03.2010 15:29:59 ;0,46;7,02;95,9;317;1,2;;5;20,0;0,31;;;;;;;;;;
15.03.2010 15:35:25 ;0,55;7,03;95,8;311;1,2;;6;21,0;;;;;;;472,4;;;;
15.03.2010 15:40:44 ;0,64;7,01;96;311;1,2;;7;22,0;;;;;;;;;;;
15.03.2010 15:46:03 ;0,73;7,02;95,5;305;1,2;;8;23,0;0,71;;;;;;448,4;;;;
15.03.2010 15:51:22 ;0,82;7,04;96;308;1,4;;9;24,0;;;;;;;;;;;
15.03.2010 15:56:42 ;0,91;7,03;95,7;318;1,4;;10;25,0;;;;;;;405,0;;;;
15.03.2010 16:02:02 ;0,99;7,01;95,4;306;1,4;;11;26,0;1,30;;;;;;;;;;
15.03.2010 16:07:21 ;1,08;7,04;95,7;314;1,4;;12;27,0;;;;;;;352,6;;;;
15.03.2010 16:12:40 ;1,17;7;95,4;314;1,4;;13;28,0;;;;;;;;;;;
15.03.2010 16:18:00 ;1,26;7,01;94,9;314;1,3;;14;29,0;1,99;;;;;;306,3;;;;
15.03.2010 16:23:19 ;1,35;7,02;95,4;308;1,3;;15;29,5;;;;;;;;;;;
15.03.2010 16:28:19 ;1,43;6,99;95,4;311;1,3;;16;30,0;;;;;40,9;48,0;274,9;;;;
15.03.2010 16:33:23 ;1,52;7,01;95,2;312;1,2;;17;30,5;;;;;;;;;;;
15.03.2010 16:38:25 ;1,6;7,02;95;315;1,2;;18;31,0;;;;;;;253,3;;;;
15.03.2010 16:43:32 ;1,69;7;95,3;308;1,2;;19;31,5;;;;;;;;;;;
15.03.2010 16:48:36 ;1,77;7,01;95,2;319;1,2;;20;32,0;2,81;;;;;;211,1;;;;
15.03.2010 16:53:41 ;1,86;7,01;94,8;309;1,2;;21;32,5;;;;;;;;;;;
15.03.2010 16:58:41 ;1,94;7,02;95,2;311;1,2;;22;33,0;;;;;;;184,0;;;;
15.03.2010 17:03:45 ;2,02;7,01;95,2;317;1,3;;23;33,5;;;;;;;;;;;
15.03.2010 17:09:19 ;2,12;7,01;94,6;315;1,3;;24;34,0;;;;;36,7;42,9;145,0;;;;
15.03.2010 17:14:23 ;2,2;7,01;95,1;314;1,2;;25;34,5;;;;;;;;;;;
15.03.2010 17:19:26 ;2,28;7;94,3;314;1,2;;26;35,0;3,95;;;;;;111,2;;;;
15.03.2010 17:24:59 ;2,38;6,98;94,6;309;1,2;;27;35,5;;;;;;;;;;;
15.03.2010 17:30:33 ;2,47;6,99;94,5;310;1,2;;28;36,0;;;;;;;77,0;;;;
15.03.2010 17:36:06 ;2,56;7,03;94,3;316;1,3;;29;36,5;;;;;;;;;;;
15.03.2010 17:41:07 ;2,65;7;94,5;307;1,3;;30;37,0;;;;;;;45,5;;;;
15.03.2010 17:46:29 ;2,74;7;94,3;314;1,2;;31;37,5;;;;;;;;;;;
15.03.2010 17:51:48 ;2,82;7,02;94,8;306;1,2;;32;38,0;4,81;0,04;0,13;0,10;;;9,9;;;;
15.03.2010 17:57:07 ;2,91;7,03;94,9;312;1,3;;33;38,5;;;;;;;;;;;
15.03.2010 18:02:27 ;3;7,03;94,3;312;1,3;;34;39,0;;0,05;0,12;0,13;34,7;40,1;0,1;;;;
15.03.2010 18:07:46 ;3,09;7;94,3;318;1,3;;35;40,0;;;;;;;;;;;
15.03.2010 18:13:05 ;3,18;7,01;94,4;312;1,3;;36;41,0;;0,05;0,08;0,10;;;4,1;;;;
15.03.2010 18:18:24 ;3,27;7;94,3;315;1,3;;37;42,0;;;;;;;;;;;
15.03.2010 18:23:43 ;3,36;7,01;94,2;306;1,3;;38;43,0;;0,05;0,09;0,10;;;5,4;;;;
15.03.2010 18:29:03 ;3,44;7,03;93,5;314;1,3;;39;44,0;;;;;;;;;;;
15.03.2010 18:34:22 ;3,53;7,02;94,3;315;1,3;;40;45,0;5,46;0,06;0,10;0,10;;;5,1;;;;
15.03.2010 18:39:41 ;3,62;7,02;93,9;313;1,3;;41;46,0;;;;;;;;;;;
15.03.2010 18:45:00 ;3,71;7,04;94,5;310;1,2;;42;47,0;;0,09;0,10;0,12;;;;;;;
15.03.2010 18:50:20 ;3,8;7,03;93,7;313;1,2;;43;48,0;;;;;;;;;;;
15.03.2010 18:55:39 ;3,89;7,01;94;315;1,2;;44;49,0;;0,15;0,12;0,12;;;9,9;;;;
15.03.2010 19:00:58 ;3,98;7,02;93,8;311;1,1;;45;50,0;;;;;;;;;;;
15.03.2010 19:06:17 ;4,06;7,01;93,8;314;1,1;;46;51,0;5,98;0,26;0,09;0,15;30,4;28,9;;;;;
15.03.2010 19:11:37 ;4,15;7,02;94,3;320;1,1;;47;52,0;;;;;;;;;;;
15.03.2010 19:16:56 ;4,24;7,01;93,9;309;1,1;;48;53,0;;0,55;0,15;0,23;;;9,3;;;;
15.03.2010 19:22:15 ;4,33;7;93,7;316;1,1;;49;54,0;;;;;;;;;;;
15.03.2010 19:27:34 ;4,42;7,02;93,5;318;1,1;;50;55,0;;0,47;0,16;0,37;;;;;;;
15.03.2010 19:32:54 ;4,51;7;93,3;308;1,1;;51;56,0;;;;;;;;;;;
15.03.2010 19:38:13 ;4,6;7,02;93,7;308;1,1;;52;57,0;5,18;0,48;0,18;0,56;;;;;;;
15.03.2010 19:43:32 ;4,69;7,02;93,4;313;1,1;;53;65,0;7,50;1,16;0,27;1,60;30,6;25,4;;;;;
15.03.2010 19:48:51 ;4,77;7,02;93,5;308;1,1;;53+;65,0;5,646666667;;;;;;;;;;
15.03.2010 19:54:10 ;4,86;7;93,7;314;1,1;;;;;;;;;;;;;;
15.03.2010 19:59:30 ;4,95;7,02;93,7;310;1,1;;;;;;;;;;;;;;
15.03.2010 20:04:49 ;5,04;7,01;93,5;301;1,1;;;;;;;;;;;;;;
15.03.2010 20:10:08 ;5,13;7;93,7;309;1,1;;;;;;;;;;;;;;
15.03.2010 20:15:27 ;5,22;7,01;93,1;310;1,1;;;;;;;;;;;;;;
15.03.2010 20:20:47 ;5,31;7,02;92,6;316;1,1;;;;;;;;;;;;;;
15.03.2010 20:26:06 ;5,4;7;93,7;314;1,1;;;;;;;;;;;;;;
15.03.2010 20:31:25 ;5,48;7,01;93,3;310;1,1;;;;;;;;;;;;;;
15.03.2010 20:36:44 ;5,57;7,04;93,3;312;1,1;;;;;;;;;;;;;;
15.03.2010 20:42:03 ;5,66;7,02;93,5;316;1,1;;;;;;;;;;;;;;
15.03.2010 20:47:23 ;5,75;7,01;92,9;314;1,1;;;;;;;;;;;;;;
15.03.2010 20:52:43 ;5,84;7,07;93,2;314;1,1;;;;;;;;;;;;;;
15.03.2010 20:58:02 ;5,93;6,99;93,2;313;1,1;;;;;;;;;;;;;;
15.03.2010 21:03:21 ;6,02;7,02;93,5;314;1,1;;;;;;;;;;;;;;
15.03.2010 21:08:41 ;6,1;7,03;92,5;309;1,1;;;;;;;;;;;;;;
15.03.2010 21:14:00 ;6,19;7;92,7;309;1,1;;;;;;;;;;;;;;
15.03.2010 21:19:19 ;6,28;7,02;92,9;318;1,1;;;;;;;;;;;;;;
15.03.2010 21:24:38 ;6,37;7,04;92,5;320;1,1;;;;;;;;;;;;;;
15.03.2010 21:29:57 ;6,46;7,03;93,2;314;1,1;;;;;;;;;;;;;;
15.03.2010 21:35:17 ;6,55;7;92,7;312;1,1;;;;;;;;;;;;;;
15.03.2010 21:40:36 ;6,64;7;92,6;310;1,1;;;;;;;;;;;;;;
15.03.2010 21:45:55 ;6,73;7,01;92,6;314;1,1;;;;;;;;;;;;;;
15.03.2010 21:51:14 ;6,81;7;92,7;312;1,1;;;;;;;;;;;;;;
15.03.2010 21:56:34 ;6,9;7;92;314;1,1;;;;;;;;;;;;;;
15.03.2010 22:01:53 ;6,99;6,98;92,6;317;1,1;;;;;;;;;;;;;;
15.03.2010 22:07:12 ;7,08;7,03;92,4;309;1,1;;;;;;;;;;;;;;
15.03.2010 22:12:31 ;7,17;7,04;92,4;315;1,1;;;;;;;;;;;;;;
15.03.2010 22:17:50 ;7,26;7,02;92,3;308;1,1;;;;;;;;;;;;;;
15.03.2010 22:23:10 ;7,35;6,98;92,6;315;1,1;;;;;;;;;;;;;;
15.03.2010 22:28:29 ;7,43;7,02;92;312;1,1;;;;;;;;;;;;;;
15.03.2010 22:33:48 ;7,52;7,02;92;309;1,1;;;;;;;;;;;;;;
15.03.2010 22:39:07 ;7,61;7,02;92;313;1,1;;;;;;;;;;;;;;
15.03.2010 22:44:27 ;7,7;7,02;92;309;1,1;;;;;;;;;;;;;;
15.03.2010 22:49:47 ;7,79;7,01;91,6;311;1,1;;;;;;;;;;;;;;
15.03.2010 22:55:06 ;7,88;7;91,9;309;1,1;;;;;;;;;;;;;;
15.03.2010 23:00:25 ;7,97;7,02;91,5;311;1,1;;;;;;;;;;;;;;
15.03.2010 23:05:44 ;8,06;7;91,9;305;1,1;;;;;;;;;;;;;;
15.03.2010 23:11:04 ;8,14;7,03;91,6;311;1,1;;;;;;;;;;;;;;
15.03.2010 23:16:23 ;8,23;7;91,7;314;1,1;;;;;;;;;;;;;;
15.03.2010 23:21:42 ;8,32;7,03;91,3;310;1,1;;;;;;;;;;;;;;
15.03.2010 23:27:01 ;8,41;6,98;91,4;312;1,1;;;;;;;;;;;;;;
15.03.2010 23:32:21 ;8,5;6,99;91,4;310;1,1;;;;;;;;;;;;;;
15.03.2010 23:37:40 ;8,59;7;91,8;308;1,1;;;;;;;;;;;;;;
15.03.2010 23:42:59 ;8,68;7,02;91,7;311;1,1;;;;;;;;;;;;;;
15.03.2010 23:48:18 ;8,77;6,99;90,7;310;1,1;;;;;;;;;;;;;;
15.03.2010 23:53:38 ;8,85;6,99;90,9;310;1,1;;;;;;;;;;;;;;
15.03.2010 23:58:57 ;8,94;7,02;91;306;1,1;;;;;;;;;;;;;;
16.03.2010 00:04:16 ;9,03;6,98;91;314;1,1;;;;;;;;;;;;;;
16.03.2010 00:09:35 ;9,12;6,99;91;309;1,1;;;;;;;;;;;;;;
16.03.2010 00:14:54 ;9,21;7,04;90,4;314;1,1;;;;;;;;;;;;;;
16.03.2010 00:20:14 ;9,3;7;90,8;310;1,1;;;;;;;;;;;;;;
16.03.2010 00:25:33 ;9,39;7;90,7;314;1,1;;;;;;;;;;;;;;
16.03.2010 00:30:52 ;9,47;7,01;90,5;313;1,1;;;;;;;;;;;;;;
16.03.2010 00:36:11 ;9,56;7,01;90;307;1,1;;;;;;;;;;;;;;
16.03.2010 00:41:30 ;9,65;7,01;90,4;316;1,1;;;;;;;;;;;;;;
16.03.2010 00:46:50 ;9,74;7,02;90;311;1,1;;;;;;;;;;;;;;
16.03.2010 00:52:09 ;9,83;7;90;313;1,1;;;;;;;;;;;;;;
16.03.2010 00:57:28 ;9,92;7;90,2;310;1,1;;;;;;;;;;;;;;
16.03.2010 01:02:47 ;10,01;7,01;89,7;314;1,1;;;;;;;;;;;;;;
16.03.2010 01:08:07 ;10,1;7;89,6;314;1,1;;;;;;;;;;;;;;
16.03.2010 01:13:26 ;10,18;6,99;89,5;308;1,1;;;;;;;;;;;;;;
16.03.2010 01:18:45 ;10,27;6,98;89,1;310;1,1;;;;;;;;;;;;;;
16.03.2010 01:24:04 ;10,36;7,01;89,2;313;1,1;;;;;;;;;;;;;;
16.03.2010 01:29:23 ;10,45;7,01;89,4;310;1,1;;;;;;;;;;;;;;
16.03.2010 01:34:43 ;10,54;7;88,6;309;1,1;;;;;;;;;;;;;;
16.03.2010 01:40:02 ;10,63;7,02;88,9;316;1,1;;;;;;;;;;;;;;
16.03.2010 01:45:21 ;10,72;7,01;88,5;313;1,1;;;;;;;;;;;;;;
16.03.2010 01:50:40 ;10,8;7,01;89;309;1,1;;;;;;;;;;;;;;
16.03.2010 01:56:00 ;10,89;6,99;88,2;310;1,1;;;;;;;;;;;;;;
16.03.2010 02:01:19 ;10,98;7,03;88,4;317;1,1;;;;;;;;;;;;;;
16.03.2010 02:06:38 ;11,07;6,99;88,2;313;1,1;;;;;;;;;;;;;;
16.03.2010 02:11:57 ;11,16;7,01;88,1;308;1,3;;;;;;;;;;;;;;
16.03.2010 02:17:16 ;11,25;7,01;87,9;314;1,3;;;;;;;;;;;;;;
16.03.2010 02:22:36 ;11,34;7,03;87,7;318;1,3;;;;;;;;;;;;;;
16.03.2010 02:27:55 ;11,43;6,99;88;317;1,3;;;;;;;;;;;;;;
16.03.2010 02:33:14 ;11,51;7,01;87,5;316;1,3;;;;;;;;;;;;;;
16.03.2010 02:38:33 ;11,6;7,02;86,9;310;1,3;;;;;;;;;;;;;;
16.03.2010 02:43:53 ;11,69;7,04;86,7;314;1,3;;;;;;;;;;;;;;
16.03.2010 02:49:12 ;11,78;6,99;86,7;315;1,3;;;;;;;;;;;;;;
16.03.2010 02:54:31 ;11,87;7;86,4;315;1,3;;;;;;;;;;;;;;
16.03.2010 02:59:50 ;11,96;7;86,2;316;1,3;;;;;;;;;;;;;;
16.03.2010 03:05:09 ;12,05;7,01;86,3;310;1,3;;;;;;;;;;;;;;
16.03.2010 03:10:29 ;12,13;6,96;86;310;1,4;;;;;;;;;;;;;;
16.03.2010 03:15:48 ;12,22;6,97;85,7;313;1,4;;;;;;;;;;;;;;
16.03.2010 03:21:12 ;12,31;7,02;85,1;314;1,4;;;;;;;;;;;;;;
16.03.2010 03:26:17 ;12,4;6,98;84,9;317;2,2;;;;;;;;;;;;;;
16.03.2010 03:31:19 ;12,48;7,01;84,3;313;2,2;;;;;;;;;;;;;;
16.03.2010 03:36:42 ;12,57;6,99;85;317;2,2;;;;;;;;;;;;;;
16.03.2010 03:42:02 ;12,66;6,98;84,6;308;2,4;;;;;;;;;;;;;;
16.03.2010 03:47:21 ;12,75;7;84,2;312;2,4;;;;;;;;;;;;;;
16.03.2010 03:52:40 ;12,84;7,01;83,4;313;2,4;;;;;;;;;;;;;;
16.03.2010 03:57:59 ;12,93;7;84,1;309;2,4;;;;;;;;;;;;;;
16.03.2010 04:03:19 ;13,02;6,99;83,3;308;2,4;;;;;;;;;;;;;;
16.03.2010 04:08:38 ;13,1;7;82,3;312;2,4;;;;;;;;;;;;;;
16.03.2010 04:13:57 ;13,19;7;82,8;313;2,4;;;;;;;;;;;;;;
16.03.2010 04:19:16 ;13,28;7;82,4;307;2,4;;;;;;;;;;;;;;
16.03.2010 04:24:36 ;13,37;7;82;309;2,4;;;;;;;;;;;;;;
16.03.2010 04:29:56 ;13,46;6,98;82;308;2,4;;;;;;;;;;;;;;
16.03.2010 04:35:15 ;13,55;6,99;81,2;311;2,4;;;;;;;;;;;;;;
16.03.2010 04:40:34 ;13,64;7;81,4;313;2,4;;;;;;;;;;;;;;
16.03.2010 04:45:53 ;13,73;7;80,6;311;2,4;;;;;;;;;;;;;;
16.03.2010 04:51:13 ;13,81;7;80,1;317;2,4;;;;;;;;;;;;;;
16.03.2010 04:56:32 ;13,9;6,98;80,2;312;2,4;;;;;;;;;;;;;;
16.03.2010 05:01:51 ;13,99;7,01;79,2;316;2,4;;;;;;;;;;;;;;
16.03.2010 05:07:10 ;14,08;6,99;78,9;318;2,4;;;;;;;;;;;;;;
16.03.2010 05:12:29 ;14,17;6,98;78,7;307;2,5;;;;;;;;;;;;;;
16.03.2010 05:17:49 ;14,26;6,97;78,1;310;2,5;;;;;;;;;;;;;;
16.03.2010 05:23:08 ;14,35;6,99;77,6;314;2,5;;;;;;;;;;;;;;
16.03.2010 05:28:28 ;14,43;6,99;77,5;311;2,5;;;;;;;;;;;;;;
16.03.2010 05:33:47 ;14,52;6,99;76,6;310;2,5;;;;;;;;;;;;;;
16.03.2010 05:39:07 ;14,61;7;76;331;2,5;;;;;;;;;;;;;;
16.03.2010 05:44:26 ;14,7;6,96;75,7;308;2,5;;;;;;;;;;;;;;
16.03.2010 05:49:45 ;14,79;6,99;75;309;2,5;;;;;;;;;;;;;;
16.03.2010 05:55:04 ;14,88;6,98;74,4;311;2,5;;;;;;;;;;;;;;
16.03.2010 06:00:23 ;14,97;6,95;74;309;2,6;;;;;;;;;;;;;;
16.03.2010 06:05:43 ;15,06;6,98;73,3;316;2,6;;;;;;;;;;;;;;
16.03.2010 06:11:02 ;15,14;6,98;72,4;314;2,6;;;;;;;;;;;;;;
16.03.2010 06:16:21 ;15,23;6,98;73,1;310;2,6;;;;;;;;;;;;;;
16.03.2010 06:21:40 ;15,32;6,98;71,9;317;2,6;;;;;;;;;;;;;;
16.03.2010 06:27:00 ;15,41;6,98;71,1;312;2,6;;;;;;;;;;;;;;
16.03.2010 06:32:19 ;15,5;6,95;70,5;316;2,6;;;;;;;;;;;;;;
16.03.2010 06:37:38 ;15,59;6,95;69,6;310;2,6;;;;;;;;;;;;;;
16.03.2010 06:42:57 ;15,68;6,96;69,3;313;2,8;;;;;;;;;;;;;;
16.03.2010 06:48:17 ;15,77;6,95;68,8;311;2,8;;;;;;;;;;;;;;
16.03.2010 06:53:36 ;15,85;6,98;67,6;312;2,8;;;;;;;;;;;;;;
16.03.2010 06:58:55 ;15,94;6,96;66,1;364;2,8;;;;;;;;;;;;;;
16.03.2010 07:04:14 ;16,03;6,97;66,2;316;2,8;;;;;;;;;;;;;;
16.03.2010 07:09:33 ;16,12;6,97;64,6;310;2,8;;;;;;;;;;;;;;
16.03.2010 07:14:53 ;16,21;6,97;65,2;310;2,9;;;;;;;;;;;;;;
16.03.2010 07:20:12 ;16,3;6,98;64,7;312;2,9;;;;;;;;;;;;;;
16.03.2010 07:25:31 ;16,39;6,96;64,3;310;2,9;;;;;;;;;;;;;;
16.03.2010 07:30:50 ;16,47;6,94;64,2;304;2,9;;;;;;;;;;;;;;
16.03.2010 07:36:09 ;16,56;6,96;63,3;312;2,9;;;;;;;;;;;;;;
16.03.2010 07:41:29 ;16,65;6,96;62,8;306;3,1;;;;;;;;;;;;;;
16.03.2010 07:46:48 ;16,74;6,96;61,5;309;3,1;;;;;;;;;;;;;;
16.03.2010 07:52:07 ;16,83;6,97;60,5;310;3,1;;;;;;;;;;;;;;
16.03.2010 08:07:59 ;17,09;6,95;57,7;311;3,1;;;;;;;;;;;;;;
16.03.2010 08:13:05 ;17,18;6,95;56,1;312;3,6;;;;;;;;;;;;;;
16.03.2010 08:18:07 ;17,26;6,96;53,4;306;;;;;;;;;;;;;;;
16.03.2010 08:23:12 ;17,35;6,94;51,7;315;;;;;;;;;;;;;;;
16.03.2010 08:28:15 ;17,43;6,96;51;317;;;;;;;;;;;;;;;
16.03.2010 08:33:19 ;17,52;6,96;50;314;;;;;;;;;;;;;;;
16.03.2010 08:38:23 ;17,6;6,96;49,3;337;;;;;;;;;;;;;;;
16.03.2010 08:43:27 ;17,68;6,95;51,2;319;;;;;;;;;;;;;;;
16.03.2010 08:48:30 ;17,77;6,96;50;309;3,6;;;;;;;;;;;;;;
16.03.2010 08:53:35 ;17,85;6,97;49,1;309;3,6;;;;;;;;;;;;;;
16.03.2010 08:58:37 ;17,94;6,96;50,5;331;3,7;;;;;;;;;;;;;;
16.03.2010 09:03:42 ;18,02;6,96;49,9;355;3,7;;;;;;;;;;;;;;
16.03.2010 09:08:45 ;18,11;6,97;49,7;384;3,7;;;;;;;;;;;;;;
16.03.2010 09:13:48 ;18,19;6,99;50,8;327;4,0;;;;;;;;;;;;;;
16.03.2010 09:19:22 ;18,28;6,98;50,6;366;3,8;;;;;;;;;;;;;;
16.03.2010 09:24:54 ;18,38;6,97;50,1;368;3,8;;;;;;;;;;;;;;
16.03.2010 09:30:25 ;18,47;6,96;49,8;362;4,0;;;;;;;;;;;;;;
16.03.2010 09:35:44 ;18,56;6,97;50;379;4,0;;;;;;;;;;;;;;
16.03.2010 09:41:03 ;18,64;6,96;50;384;4,2;;;;;;;;;;;;;;
16.03.2010 09:46:23 ;18,73;6,98;49,4;388;4,2;;;;;;;;;;;;;;
16.03.2010 09:51:42 ;18,82;6,97;50,2;391;4,2;;;;;;;;;;;;;;
16.03.2010 09:57:01 ;18,91;6,97;49,8;398;4,3;;;;;;;;;;;;;;
16.03.2010 10:02:20 ;19;6,97;49,7;429;4,3;;;;;;;;;;;;;;
16.03.2010 10:07:40 ;19,09;6,99;49,8;433;4,3;;;;;;;;;;;;;;
16.03.2010 10:12:59 ;19,18;6,98;50,2;435;;;;;;;;;;;;;;;
16.03.2010 10:18:18 ;19,27;6,96;49,5;441;;;;;;;;;;;;;;;
16.03.2010 10:23:37 ;19,35;6,95;49,8;443;;;;;;;;;;;;;;;
16.03.2010 10:28:56 ;19,44;6,96;50;434;;;;;;;;;;;;;;;
16.03.2010 10:34:16 ;19,53;6,99;50,1;439;;;;;;;;;;;;;;;
16.03.2010 10:39:35 ;19,62;7;49,8;445;4,8;;;;;;;;;;;;;;
16.03.2010 10:44:54 ;19,71;6,99;50,2;454;4,8;;;;;;;;;;;;;;
16.03.2010 10:50:13 ;19,8;6,99;50,5;460;4,8;;;;;;;;;;;;;;
16.03.2010 10:55:33 ;19,89;7,01;49,9;451;5,1;;;;;;;;;;;;;;
16.03.2010 11:00:52 ;19,97;7,01;49,7;458;5,1;;;;;;;;;;;;;;
16.03.2010 11:06:11 ;20,06;7,02;49,6;464;5,1;;;;;;;;;;;;;;
16.03.2010 11:11:30 ;20,15;6,98;49,6;495;;;;;;;;;;;;;;;
16.03.2010 11:16:50 ;20,24;7,03;50,4;488;;;;;;;;;;;;;;;
16.03.2010 11:22:09 ;20,33;7,01;50,3;490;;;;;;;;;;;;;;;
16.03.2010 11:27:28 ;20,42;7,05;51,2;471;;;;;;;;;;;;;;;
16.03.2010 11:32:47 ;20,51;7,04;50;484;;;;;;;;;;;;;;;
16.03.2010 11:38:07 ;20,6;7,04;50,1;486;;;;;;;;;;;;;;;
16.03.2010 11:43:26 ;20,68;7,05;50,2;490;5,8;;;;;;;;;;;;;;
16.03.2010 11:48:45 ;20,77;7,03;50;498;5,8;;;;;;;;;;;;;;
16.03.2010 11:54:04 ;20,86;7,04;50,2;499;5,9;;;;;;;;;;;;;;
16.03.2010 11:59:23 ;20,95;7,07;50,1;524;5,9;;;;;;;;;;;;;;
16.03.2010 12:04:43 ;21,04;7,05;49,8;533;5,9;;;;;;;;;;;;;;
16.03.2010 12:10:02 ;21,13;7,09;50,3;534;;;;;;;;;;;;;;;
16.03.2010 12:15:21 ;21,22;7,04;49,9;535;;;;;;;;;;;;;;;
16.03.2010 12:20:40 ;21,3;6,98;49,9;536;;;;;;;;;;;;;;;
16.03.2010 12:26:00 ;21,39;7,02;49,6;548;;;;;;;;;;;;;;;
16.03.2010 12:31:19 ;21,48;7,04;50;553;;;;;;;;;;;;;;;
16.03.2010 12:36:38 ;21,57;7,01;49,8;534;;;;;;;;;;;;;;;
16.03.2010 12:41:57 ;21,66;7,02;49,8;539;6,9;;;;;;;;;;;;;;
16.03.2010 12:47:16 ;21,75;7,01;50,3;547;6,9;;;;;;;;;;;;;;
16.03.2010 12:52:36 ;21,84;7,02;50,3;549;6,9;;;;;;;;;;;;;;
16.03.2010 12:57:55 ;21,93;7,03;50,2;548;7,4;;;;;;;;;;;;;;
16.03.2010 13:03:14 ;22,01;7;50,4;552;7,4;;;;;;;;;;;;;;
16.03.2010 13:08:33 ;22,1;7;50,2;555;7,7;;;;;;;;;;;;;;
16.03.2010 13:13:53 ;22,19;7,03;49,3;586;7,7;;;;;;;;;;;;;;
16.03.2010 13:19:12 ;22,28;7,01;50,2;576;7,7;;;;;;;;;;;;;;
16.03.2010 13:24:31 ;22,37;7,04;50,1;554;8,0;;;;;;;;;;;;;;
16.03.2010 13:29:50 ;22,46;7;49,2;567;8,0;;;;;;;;;;;;;;
16.03.2010 13:35:10 ;22,55;6,99;50;576;8,0;;;;;;;;;;;;;;
16.03.2010 13:40:29 ;22,63;7,01;49,6;584;8,3;;;;;;;;;;;;;;
16.03.2010 13:45:48 ;22,72;7,04;49,6;580;8,3;;;;;;;;;;;;;;
16.03.2010 13:51:07 ;22,81;7,02;50;584;8,3;;;;;;;;;;;;;;
16.03.2010 13:56:27 ;22,9;7;50,7;592;8,8;;;;;;;;;;;;;;
16.03.2010 14:01:46 ;22,99;7,02;49,8;612;8,8;;;;;;;;;;;;;;
16.03.2010 14:07:05 ;23,08;7,01;50,5;609;8,8;;;;;;;;;;;;;;
16.03.2010 14:12:24 ;23,17;7,01;49,8;614;;;;;;;;;;;;;;;
16.03.2010 14:17:43 ;23,26;7,02;50,1;618;;;;;;;;;;;;;;;
16.03.2010 14:23:03 ;23,34;7,02;50,6;601;9,5;;;;;;;;;;;;;;
16.03.2010 14:28:22 ;23,43;7,01;50,2;605;9,5;;;;;;;;;;;;;;
16.03.2010 14:33:41 ;23,52;7,02;50,2;615;9,5;;;;;;;;;;;;;;
16.03.2010 14:39:00 ;23,61;7;49,4;601;9,9;;;;;;;;;;;;;;
16.03.2010 14:44:20 ;23,7;7,01;49,9;611;9,9;;;;;;;;;;;;;;
16.03.2010 14:49:39 ;23,79;7,03;50,5;613;9,9;;;;;;;;;;;;;;
16.03.2010 14:54:58 ;23,88;7,03;49,5;627;10,4;;;;;;;;;;;;;;
16.03.2010 15:00:17 ;23,97;7,03;49,9;622;10,4;;;;;;;;;;;;;;
16.03.2010 15:05:37 ;24,05;7,02;49,1;650;10,4;;;;;;;;;;;;;;
16.03.2010 15:10:56 ;24,14;7,03;50;651;;;;;;;;;;;;;;;
16.03.2010 15:16:15 ;24,23;7,01;50,6;652;;;;;;;;;;;;;;;
16.03.2010 15:21:34 ;24,32;7,04;50,1;646;;;;;;;;;;;;;;;
16.03.2010 15:26:53 ;24,41;7,03;50,1;640;10,9;;;;;;;;;;;;;;
16.03.2010 15:32:13 ;24,5;7,01;49,7;645;10,9;;;;;;;;;;;;;;
16.03.2010 15:37:32 ;24,59;7,02;50,6;644;11,6;;;;;;;;;;;;;;
16.03.2010 15:42:51 ;24,67;7,01;49,9;654;11,6;;;;;;;;;;;;;;
16.03.2010 15:48:10 ;24,76;7,03;49,9;659;11,6;;;;;;;;;;;;;;
16.03.2010 15:53:30 ;24,85;7,01;50,4;657;12,0;;;;;;;;;;;;;;
16.03.2010 15:58:49 ;24,94;7,03;49,9;665;12,0;;;;;;;;;;;;;;
16.03.2010 16:04:08 ;25,03;7,03;49,7;699;12,0;;;;;;;;;;;;;;
16.03.2010 16:09:27 ;25,12;7,03;49,9;698;;;;;;;;;;;;;;;
16.03.2010 16:14:46 ;25,21;7,01;50,1;694;;;;;;;;;;;;;;;
16.03.2010 16:20:06 ;25,3;7,06;50,4;701;;;;;;;;;;;;;;;
16.03.2010 16:25:25 ;25,38;7;50,5;701;;;;;;;;;;;;;;;
16.03.2010 16:30:44 ;25,47;7,03;50,5;694;;;;;;;;;;;;;;;
16.03.2010 16:36:03 ;25,56;7,03;50,2;690;;;;;;;;;;;;;;;
16.03.2010 16:41:22 ;25,65;7,03;50;695;12,9;;;;;;;;;;;;;;
16.03.2010 16:46:42 ;25,74;7;50,3;700;12,9;;;;;;;;;;;;;;
16.03.2010 16:52:01 ;25,83;7,02;50,6;691;13,5;;;;;;;;;;;;;;
16.03.2010 16:57:20 ;25,92;7;50,2;699;13,5;;;;;;;;;;;;;;
16.03.2010 17:02:39 ;26;7,02;49,8;739;13,5;;;;;;;;;;;;;;
16.03.2010 17:07:59 ;26,09;7,01;49,4;734;;;;;;;;;;;;;;;
16.03.2010 17:13:18 ;26,18;7,04;50,7;734;;;;;;;;;;;;;;;
16.03.2010 17:18:37 ;26,27;7,03;50;711;;;;;;;;;;;;;;;
16.03.2010 17:23:56 ;26,36;6,99;49,8;713;14,3;;;;;;;;;;;;;;
16.03.2010 17:29:16 ;26,45;7,01;50,3;720;14,3;;;;;;;;;;;;;;
16.03.2010 17:34:35 ;26,54;7,02;50,1;719;14,3;;;;;;;;;;;;;;
16.03.2010 17:39:54 ;26,63;7,01;49,8;727;14,8;;;;;;;;;;;;;;
16.03.2010 17:45:13 ;26,71;7,02;50,4;727;14,8;;;;;;;;;;;;;;
16.03.2010 17:50:33 ;26,8;7,02;49,9;733;14,8;;;;;;;;;;;;;;
16.03.2010 17:55:52 ;26,89;7,01;50,2;734;15,5;;;;;;;;;;;;;;
16.03.2010 18:01:11 ;26,98;7,01;50,4;737;15,5;;;;;;;;;;;;;;
16.03.2010 18:06:30 ;27,07;7;49,8;769;;;;;;;;;;;;;;;
16.03.2010 18:11:49 ;27,16;7,01;49,9;769;;;;;;;;;;;;;;;
16.03.2010 18:17:09 ;27,25;7,01;50;778;;;;;;;;;;;;;;;
16.03.2010 18:22:28 ;27,33;7,03;50,8;773;;;;;;;;;;;;;;;
16.03.2010 18:27:47 ;27,42;7,02;50,2;757;;;;;;;;;;;;;;;
16.03.2010 18:33:06 ;27,51;7,02;50,2;758;;;;;;;;;;;;;;;
16.03.2010 18:38:26 ;27,6;7,03;49,7;759;16,8;;;;;;;;;;;;;;
16.03.2010 18:43:45 ;27,69;7,03;50;764;16,8;;;;;;;;;;;;;;
16.03.2010 18:49:04 ;27,78;7,04;50,5;766;16,8;;;;;;;;;;;;;;
16.03.2010 18:54:23 ;27,87;7,03;50;770;17,5;;;;;;;;;;;;;;
16.03.2010 18:59:42 ;27,96;7;50,3;767;17,5;;;;;;;;;;;;;;
16.03.2010 19:05:02 ;28,04;7,01;48,7;792;17,5;;;;;;;;;;;;;;
16.03.2010 19:10:21 ;28,13;7,04;50,3;799;;;;;;;;;;;;;;;
16.03.2010 19:15:40 ;28,22;7,03;50,3;804;;;;;;;;;;;;;;;
16.03.2010 19:20:59 ;28,31;7,04;50,6;764;17,9;;;;;;;;;;;;;;
16.03.2010 19:26:19 ;28,4;7;50;780;17,9;;;;;;;;;;;;;;
16.03.2010 19:31:38 ;28,49;7,01;50,1;774;17,9;;;;;;;;;;;;;;
16.03.2010 19:36:57 ;28,58;7;50;771;18,2;;;;;;;;;;;;;;
16.03.2010 19:42:16 ;28,66;7,03;50,1;779;18,2;;;;;;;;;;;;;;
16.03.2010 19:47:36 ;28,75;7,05;49,9;784;18,2;;;;;;;;;;;;;;
16.03.2010 19:52:55 ;28,84;7,04;50;789;18,7;;;;;;;;;;;;;;
16.03.2010 19:58:14 ;28,93;7,03;48,8;807;18,7;;;;;;;;;;;;;;
16.03.2010 20:03:33 ;29,02;7,03;49,7;819;18,7;;;;;;;;;;;;;;
16.03.2010 20:08:53 ;29,11;7;50,2;819;;;;;;;;;;;;;;;
16.03.2010 20:14:12 ;29,2;7,01;50,7;819;;;;;;;;;;;;;;;
16.03.2010 20:19:32 ;29,29;6,8;48,5;801;;;;;;;;;;;;;;;
16.03.2010 20:24:51 ;29,37;7,04;49,9;791;;;;;;;;;;;;;;;
16.03.2010 20:30:11 ;29,46;7,01;50,3;788;;;;;;;;;;;;;;;
16.03.2010 20:35:30 ;29,55;7,03;50,7;789;19,6;;;;;;;;;;;;;;
16.03.2010 20:40:49 ;29,64;7,03;49,7;820;19,6;;;;;;;;;;;;;;
16.03.2010 20:46:08 ;29,73;7,01;50,1;821;19,6;;;;;;;;;;;;;;
16.03.2010 20:51:28 ;29,82;7,02;49,6;792;19,8;;;;;;;;;;;;;;
16.03.2010 20:56:47 ;29,91;7,01;50,2;798;19,8;;;;;;;;;;;;;;
16.03.2010 21:02:06 ;30;7,03;50,1;831;19,8;;;;;;;;;;;;;;
16.03.2010 21:07:25 ;30,08;7,01;50,2;828;;;;;;;;;;;;;;;
16.03.2010 21:12:45 ;30,17;7,04;50,2;837;;;;;;;;;;;;;;;
16.03.2010 21:18:04 ;30,26;7,04;50,1;827;;;;;;;;;;;;;;;
16.03.2010 21:23:23 ;30,35;7,03;50,3;802;20,3;;;;;;;;;;;;;;
16.03.2010 21:28:42 ;30,44;7,01;50,2;808;20,3;;;;;;;;;;;;;;
16.03.2010 21:34:01 ;30,53;7,01;50,3;803;20,3;;;;;;;;;;;;;;
16.03.2010 21:39:21 ;30,62;7,02;50,3;842;;;;;;;;;;;;;;;
16.03.2010 21:44:40 ;30,7;7,02;49,7;808;;;;;;;;;;;;;;;
16.03.2010 21:49:59 ;30,79;7,02;50,5;805;21,4;;;;;;;;;;;;;;
16.03.2010 21:55:18 ;30,88;7,01;50,3;809;21,4;;;;;;;;;;;;;;
16.03.2010 22:00:38 ;30,97;7;50,1;812;21,4;;;;;;;;;;;;;;
16.03.2010 22:05:57 ;31,06;7,04;50,1;844;;;;;;;;;;;;;;;
16.03.2010 22:11:16 ;31,15;7,02;50;847;;;;;;;;;;;;;;;
16.03.2010 22:16:35 ;31,24;7,02;50,5;847;;;;;;;;;;;;;;;
16.03.2010 22:21:54 ;31,33;7,05;50,7;850;;;;;;;;;;;;;;;
16.03.2010 22:27:14 ;31,41;7,05;49,7;819;;;;;;;;;;;;;;;
16.03.2010 22:32:33 ;31,5;7;49,8;822;;;;;;;;;;;;;;;
16.03.2010 22:37:52 ;31,59;7,03;49,6;855;22,2;;;;;;;;;;;;;;
16.03.2010 22:43:11 ;31,68;7,03;49,9;814;22,2;;;;;;;;;;;;;;
16.03.2010 22:48:31 ;31,77;7,03;49,6;826;22,2;;;;;;;;;;;;;;
16.03.2010 22:53:50 ;31,86;7,04;50,3;826;22,6;;;;;;;;;;;;;;
16.03.2010 22:59:09 ;31,95;7,03;49,9;829;22,6;;;;;;;;;;;;;;
16.03.2010 23:04:28 ;32,03;7,01;49,9;862;;;;;;;;;;;;;;;
16.03.2010 23:09:48 ;32,12;7;49,8;857;;;;;;;;;;;;;;;
16.03.2010 23:15:07 ;32,21;6,98;50,4;855;;;;;;;;;;;;;;;
16.03.2010 23:20:26 ;32,3;7;50,2;849;;;;;;;;;;;;;;;
16.03.2010 23:25:45 ;32,39;7,03;50,3;824;;;;;;;;;;;;;;;
16.03.2010 23:31:04 ;32,48;7,02;50,1;824;;;;;;;;;;;;;;;
16.03.2010 23:36:24 ;32,57;7,02;49,7;827;23,5;;;;;;;;;;;;;;
16.03.2010 23:41:43 ;32,66;7;49,2;864;23,5;;;;;;;;;;;;;;
16.03.2010 23:47:02 ;32,74;7,01;50,2;861;23,5;;;;;;;;;;;;;;
16.03.2010 23:52:21 ;32,83;7,01;50,3;831;24,2;;;;;;;;;;;;;;
16.03.2010 23:57:40 ;32,92;7,03;49,8;833;24,2;;;;;;;;;;;;;;
17.03.2010 00:03:00 ;33,01;7,02;51;871;24,2;;;;;;;;;;;;;;
17.03.2010 00:08:19 ;33,1;7,01;50;857;;;;;;;;;;;;;;;
17.03.2010 00:13:39 ;33,19;7,03;50,2;861;;;;;;;;;;;;;;;
17.03.2010 00:18:58 ;33,28;7,04;49,8;864;;;;;;;;;;;;;;;
17.03.2010 00:24:17 ;33,36;7;50,3;865;;;;;;;;;;;;;;;
17.03.2010 00:29:37 ;33,45;7,03;51,1;839;;;;;;;;;;;;;;;
17.03.2010 00:34:56 ;33,54;7,01;49,9;830;24,6;;;;;;;;;;;;;;
17.03.2010 00:40:15 ;33,63;7,01;50;831;24,6;;;;;;;;;;;;;;
17.03.2010 00:45:34 ;33,72;7,02;49,9;869;24,6;;;;;;;;;;;;;;
17.03.2010 00:50:53 ;33,81;7,03;50,4;867;;;;;;;;;;;;;;;
17.03.2010 00:56:13 ;33,9;7,03;49,9;833;;;;;;;;;;;;;;;
17.03.2010 01:01:32 ;33,99;7;49,9;836;;;;;;;;;;;;;;;
17.03.2010 01:06:51 ;34,07;7;49,9;878;;;;;;;;;;;;;;;
17.03.2010 01:12:10 ;34,16;7,02;49,9;870;;;;;;;;;;;;;;;
17.03.2010 01:17:30 ;34,25;6,97;49,9;868;;;;;;;;;;;;;;;
17.03.2010 01:22:49 ;34,34;7,03;50,2;874;;;;;;;;;;;;;;;
17.03.2010 01:28:08 ;34,43;7,02;50,3;868;;;;;;;;;;;;;;;
17.03.2010 01:33:27 ;34,52;7,01;50,6;832;25,4;;;;;;;;;;;;;;
17.03.2010 01:38:47 ;34,61;7,02;49;872;25,5;;;;;;;;;;;;;;
17.03.2010 01:44:06 ;34,7;7,03;50;840;25,5;;;;;;;;;;;;;;
17.03.2010 01:49:25 ;34,78;6,99;49,9;828;25,7;;;;;;;;;;;;;;
17.03.2010 01:54:44 ;34,87;7,02;50;839;25,7;;;;;;;;;;;;;;
17.03.2010 02:00:03 ;34,96;7,03;49,9;846;25,7;;;;;;;;;;;;;;
17.03.2010 02:05:23 ;35,05;7,02;50,1;834;26,3;;;;;;;;;;;;;;
17.03.2010 02:10:42 ;35,14;7,02;50,4;880;26,3;;;;;;;;;;;;;;
17.03.2010 02:16:01 ;35,23;7,03;50,4;872;26,3;;;;;;;;;;;;;;
17.03.2010 02:21:20 ;35,32;7,03;50,1;877;;;;;;;;;;;;;;;
17.03.2010 02:26:40 ;35,4;7,03;50,3;873;;;;;;;;;;;;;;;
17.03.2010 02:31:59 ;35,49;7,05;50,9;835;;;;;;;;;;;;;;;
17.03.2010 02:37:18 ;35,58;7,05;49,7;835;26,6;;;;;;;;;;;;;;
17.03.2010 02:42:37 ;35,67;7;50,1;842;26,6;;;;;;;;;;;;;;
17.03.2010 02:47:56 ;35,76;7;49,8;876;;;;;;;;;;;;;;;
17.03.2010 02:53:16 ;35,85;7,01;50,3;833;;;;;;;;;;;;;;;
17.03.2010 02:58:35 ;35,94;7,03;50,5;836;;;;;;;;;;;;;;;
17.03.2010 03:03:54 ;36,03;7,04;49,4;869;;;;;;;;;;;;;;;
17.03.2010 03:09:13 ;36,11;7,04;50,2;872;;;;;;;;;;;;;;;
17.03.2010 03:14:33 ;36,2;7,03;50,1;870;;;;;;;;;;;;;;;
17.03.2010 03:19:52 ;36,29;6,99;50;864;;;;;;;;;;;;;;;
17.03.2010 03:25:11 ;36,38;7,01;51,1;856;;;;;;;;;;;;;;;
17.03.2010 03:30:30 ;36,47;7,04;50,3;830;;;;;;;;;;;;;;;
17.03.2010 03:35:50 ;36,56;7,02;50,2;838;27,7;;;;;;;;;;;;;;
17.03.2010 03:41:09 ;36,65;7;50,1;846;27,6;;;;;;;;;;;;;;
17.03.2010 03:46:28 ;36,73;7,04;50,1;843;27,8;;;;;;;;;;;;;;
17.03.2010 03:51:47 ;36,82;7,02;50,3;837;28,2;;;;;;;;;;;;;;
17.03.2010 03:57:06 ;36,91;7,02;50,1;834;28,2;;;;;;;;;;;;;;
17.03.2010 04:02:26 ;37;7,02;49,8;872;;;;;;;;;;;;;;;
17.03.2010 04:07:45 ;37,09;7;50,4;870;;;;;;;;;;;;;;;
17.03.2010 04:13:04 ;37,18;7,02;49,3;870;;;;;;;;;;;;;;;
17.03.2010 04:18:24 ;37,27;7,05;50;869;;;;;;;;;;;;;;;
17.03.2010 04:23:43 ;37,36;7,02;50;828;;;;;;;;;;;;;;;
17.03.2010 04:29:02 ;37,44;7,03;49,8;827;;;;;;;;;;;;;;;
17.03.2010 04:34:21 ;37,53;7,01;49,8;841;28,5;;;;;;;;;;;;;;
17.03.2010 04:39:40 ;37,62;7,02;50,1;832;28,5;;;;;;;;;;;;;;
17.03.2010 04:45:00 ;37,71;6,96;50,3;865;28,5;;;;;;;;;;;;;;
17.03.2010 04:50:19 ;37,8;7,06;50,1;831;29,3;;;;;;;;;;;;;;
17.03.2010 04:55:38 ;37,89;7,01;49,7;834;29,3;;;;;;;;;;;;;;
17.03.2010 05:00:57 ;37,98;6,99;50;833;29,3;;;;;;;;;;;;;;
17.03.2010 05:06:17 ;38,06;6,99;49,9;872;29,1;;;;;;;;;;;;;;
17.03.2010 05:11:36 ;38,15;7,03;50;862;29,1;;;;;;;;;;;;;;
17.03.2010 05:16:55 ;38,24;6,93;50,8;854;;;;;;;;;;;;;;;
17.03.2010 05:22:14 ;38,33;7,03;50;856;;;;;;;;;;;;;;;
17.03.2010 05:27:34 ;38,42;6,98;50,5;824;;;;;;;;;;;;;;;
17.03.2010 05:32:53 ;38,51;7,05;49,5;816;28,9;;;;;;;;;;;;;;
17.03.2010 05:38:12 ;38,6;7;50,3;816;29,2;;;;;;;;;;;;;;
17.03.2010 05:43:31 ;38,69;7,05;49,3;844;29,2;;;;;;;;;;;;;;
17.03.2010 05:48:51 ;38,77;7,05;50,1;810;29,6;;;;;;;;;;;;;;
17.03.2010 05:54:10 ;38,86;7,02;50,2;809;29,6;;;;;;;;;;;;;;
17.03.2010 05:59:29 ;38,95;7,02;50,1;804;29,6;;;;;;;;;;;;;;
17.03.2010 06:04:48 ;39,04;7;49,6;831;28,9;;;;;;;;;;;;;;
17.03.2010 06:10:08 ;39,13;7,01;49,4;831;28,9;;;;;;;;;;;;;;
17.03.2010 06:15:27 ;39,22;7,02;50,2;824;28,9;;;;;;;;;;;;;;
17.03.2010 06:20:46 ;39,31;7,03;50;820;;;;;;;;;;;;;;;
17.03.2010 06:26:05 ;39,39;7,02;50,3;786;;;;;;;;;;;;;;;
17.03.2010 06:31:24 ;39,48;7;50,8;777;27,7;;;;;;;;;;;;;;
17.03.2010 06:36:44 ;39,57;7,02;49,9;783;27,9;;;;;;;;;;;;;;
17.03.2010 06:42:03 ;39,66;7;50,7;818;27,9;;;;;;;;;;;;;;
17.03.2010 06:47:22 ;39,75;7,03;49,7;776;27,9;;;;;;;;;;;;;;
17.03.2010 06:52:41 ;39,84;6,95;50,1;788;27,9;;;;;;;;;;;;;;
17.03.2010 06:58:01 ;39,93;7,04;49,9;786;27,9;;;;;;;;;;;;;;
17.03.2010 07:03:20 ;40,02;7;49,7;780;27,5;;;;;;;;;;;;;;
17.03.2010 07:08:39 ;40,1;7,02;49,4;785;27,7;;;;;;;;;;;;;;
17.03.2010 07:13:58 ;40,19;7,04;50,3;781;27,7;;;;;;;;;;;;;;
17.03.2010 07:19:18 ;40,28;7,02;50,2;776;27,7;;;;;;;;;;;;;;
17.03.2010 07:24:37 ;40,37;7,03;50,2;773;27,6;;;;;;;;;;;;;;
17.03.2010 07:29:56 ;40,46;7,02;50;774;27,6;;;;;;;;;;;;;;
17.03.2010 07:35:15 ;40,55;7,04;49,8;775;27,6;;;;;;;;;;;;;;
17.03.2010 07:40:35 ;40,64;7,02;50;770;27,6;;;;;;;;;;;;;;
17.03.2010 07:45:54 ;40,73;7,01;50;797;;;;;;;;;;;;;;;
17.03.2010 07:51:13 ;40,81;7,04;49,9;768;;;;;;;;;;;;;;;
17.03.2010 07:56:33 ;40,9;7;50,3;762;;;;;;;;;;;;;;;
17.03.2010 08:01:52 ;40,99;7,03;49,5;762;26,7;;;;;;;;;;;;;;
17.03.2010 08:07:11 ;41,08;7,02;50,7;798;26,7;;;;;;;;;;;;;;
17.03.2010 08:12:30 ;41,17;7,04;50;785;26,7;;;;;;;;;;;;;;
17.03.2010 08:17:50 ;41,26;7,02;50;782;;;;;;;;;;;;;;;
17.03.2010 08:23:09 ;41,35;7,02;50,4;783;;;;;;;;;;;;;;;
17.03.2010 08:28:28 ;41,43;6,99;49,7;746;;;;;;;;;;;;;;;
17.03.2010 08:33:47 ;41,52;7,02;50;751;25,9;;;;;;;;;;;;;;
17.03.2010 08:39:06 ;41,61;7,02;50,4;746;25,9;;;;;;;;;;;;;;
17.03.2010 08:44:26 ;41,7;7,02;49,8;779;26,1;;;;;;;;;;;;;;
17.03.2010 08:49:45 ;41,79;7,02;50,1;759;27,4;;;;;;;;;;;;;;
17.03.2010 08:55:04 ;41,88;6,99;49,7;747;27,4;;;;;;;;;;;;;;
17.03.2010 09:00:23 ;41,97;7,03;50,4;747;26,5;;;;;;;;;;;;;;
17.03.2010 09:05:43 ;42,06;6,96;50,2;745;26,5;;;;;;;;;;;;;;
17.03.2010 09:11:02 ;42,14;7,05;50,2;774;26,7;;;;;;;;;;;;;;
17.03.2010 09:16:21 ;42,23;7,05;50;736;27,2;;;;;;;;;;;;;;
17.03.2010 09:21:40 ;42,32;7,01;50,1;750;27,2;;;;;;;;;;;;;;
17.03.2010 09:26:54 ;42,41;7,02;50,3;742;27,1;;;;;;;;;;;;;;
17.03.2010 09:32:13 ;42,5;7,02;49,9;751;26,9;;;;;;;;;;;;;;
17.03.2010 09:37:33 ;42,59;7,04;49,9;737;26,9;;;;;;;;;;;;;;
17.03.2010 09:42:52 ;42,67;7,01;49,6;744;26,9;;;;;;;;;;;;;;
17.03.2010 09:48:11 ;42,76;7;49,8;739;26,2;;;;;;;;;;;;;;
17.03.2010 09:53:32 ;42,85;7,04;50,3;737;26,2;;;;;;;;;;;;;;
17.03.2010 09:58:51 ;42,94;7,02;49,9;735;26,2;;;;;;;;;;;;;;
17.03.2010 10:04:10 ;43,03;7,02;49,9;767;26,4;;;;;;;;;;;;;;
17.03.2010 10:09:29 ;43,12;7,02;50,1;770;26,4;;;;;;;;;;;;;;
17.03.2010 10:14:48 ;43,21;7,02;50;763;26,4;;;;;;;;;;;;;;
17.03.2010 10:20:09 ;43,3;7,01;50,4;764;;;;;;;;;;;;;;;
17.03.2010 10:25:28 ;43,38;7,01;50,2;729;;;;;;;;;;;;;;;
17.03.2010 10:30:47 ;43,47;7,04;49,8;736;25,8;;;;;;;;;;;;;;
17.03.2010 10:36:06 ;43,56;7,02;50,1;729;25,8;;;;;;;;;;;;;;
17.03.2010 10:41:17 ;43,65;6,96;49,8;729;25,8;;;;;;;;;;;;;;
17.03.2010 10:46:37 ;43,74;7,07;50,1;725;25,8;;;;;;;;;;;;;;
17.03.2010 10:51:56 ;43,83;7,03;50,3;728;25,7;;;;;;;;;;;;;;
17.03.2010 10:57:15 ;43,91;7,05;50;722;25,7;;;;;;;;;;;;;;
17.03.2010 11:02:35 ;44;7,02;50,2;722;25,7;;;;;;;;;;;;;;
17.03.2010 11:07:54 ;44,09;6,98;49,9;725;25,9;;;;;;;;;;;;;;
17.03.2010 11:13:13 ;44,18;7,01;50,3;740;25,9;;;;;;;;;;;;;;
17.03.2010 11:18:32 ;44,27;7,04;49,9;719;25,5;;;;;;;;;;;;;;
17.03.2010 11:23:52 ;44,36;6,98;50,5;715;25,5;;;;;;;;;;;;;;
17.03.2010 11:29:11 ;44,45;7,04;49,9;726;25,5;;;;;;;;;;;;;;
17.03.2010 11:34:30 ;44,54;7,01;49,9;731;25,7;;;;;;;;;;;;;;
17.03.2010 11:39:49 ;44,62;7,01;50,5;718;25,7;;;;;;;;;;;;;;
17.03.2010 11:45:09 ;44,71;7,03;50,1;726;25,7;;;;;;;;;;;;;;
17.03.2010 11:50:28 ;44,8;7,02;50;713;25,7;;;;;;;;;;;;;;
17.03.2010 11:55:47 ;44,89;7,05;50,2;717;25,7;;;;;;;;;;;;;;
17.03.2010 12:01:06 ;44,98;7;49,2;756;25,7;;;;;;;;;;;;;;
17.03.2010 12:06:25 ;45,07;7,04;49,3;754;;;;;;;;;;;;;;;
17.03.2010 12:11:45 ;45,16;6,99;50;742;;;;;;;;;;;;;;;
17.03.2010 12:17:04 ;45,24;7,01;49,7;749;;;;;;;;;;;;;;;
17.03.2010 12:22:23 ;45,33;7,05;50,8;732;;;;;;;;;;;;;;;
17.03.2010 12:27:42 ;45,42;7,01;49,8;721;;;;;;;;;;;;;;;
17.03.2010 12:33:02 ;45,51;7,01;50,2;715;24,9;;;;;;;;;;;;;;
17.03.2010 12:38:21 ;45,6;7,02;50,1;714;24,9;;;;;;;;;;;;;;
17.03.2010 12:43:40 ;45,69;7,02;49,8;716;24,9;;;;;;;;;;;;;;
17.03.2010 12:48:59 ;45,78;7,02;50,2;713;25,4;;;;;;;;;;;;;;
17.03.2010 12:54:19 ;45,87;7,01;49,8;717;25,4;;;;;;;;;;;;;;
17.03.2010 12:59:38 ;45,95;7,03;49,9;715;25,3;;;;;;;;;;;;;;
17.03.2010 13:04:57 ;46,04;7,01;50,5;715;25,6;;;;;;;;;;;;;;
17.03.2010 13:10:16 ;46,13;7;50,2;747;25,6;;;;;;;;;;;;;;
17.03.2010 13:15:36 ;46,22;7,04;49,8;742;25,6;;;;;;;;;;;;;;
17.03.2010 13:20:55 ;46,31;6,99;50,4;717;;;;;;;;;;;;;;;
17.03.2010 13:26:15 ;46,4;7,02;49,9;718;;;;;;;;;;;;;;;
17.03.2010 13:31:34 ;46,49;7,04;50;712;25,0;;;;;;;;;;;;;;
17.03.2010 13:36:54 ;46,58;7,02;50,2;706;25,0;;;;;;;;;;;;;;
17.03.2010 13:42:13 ;46,66;7;49,6;716;25,0;;;;;;;;;;;;;;
17.03.2010 13:47:32 ;46,75;7,01;49,9;712;25,0;;;;;;;;;;;;;;
17.03.2010 13:52:51 ;46,84;6,98;49,3;717;25,0;;;;;;;;;;;;;;
17.03.2010 13:58:11 ;46,93;7,05;50,3;712;25,0;;;;;;;;;;;;;;
17.03.2010 14:03:30 ;47,02;7,02;49,9;740;;;;;;;;;;;;;;;
17.03.2010 14:08:49 ;47,11;7,02;49,7;733;;;;;;;;;;;;;;;
17.03.2010 14:14:08 ;47,2;7,02;50,4;730;;;;;;;;;;;;;;;
17.03.2010 14:19:27 ;47,28;7,03;50,4;737;;;;;;;;;;;;;;;
17.03.2010 14:24:47 ;47,37;7,01;50,3;730;;;;;;;;;;;;;;;
17.03.2010 14:30:06 ;47,46;7,02;50,5;704;;;;;;;;;;;;;;;
17.03.2010 14:35:25 ;47,55;7,04;50,6;697;24,8;;;;;;;;;;;;;;
17.03.2010 14:40:44 ;47,64;7,04;49,9;709;24,8;;;;;;;;;;;;;;
17.03.2010 14:46:04 ;47,73;7,04;49,7;706;24,8;;;;;;;;;;;;;;
17.03.2010 14:51:23 ;47,82;7,03;49,8;709;24,8;;;;;;;;;;;;;;
17.03.2010 14:56:42 ;47,91;7,03;49,7;706;24,8;;;;;;;;;;;;;;
17.03.2010 15:02:01 ;47,99;7,04;50,4;694;25,0;;;;;;;;;;;;;;
17.03.2010 15:07:21 ;48,08;7,02;49,7;706;25,0;;;;;;;;;;;;;;
17.03.2010 15:12:40 ;48,17;7;49,8;725;25,0;;;;;;;;;;;;;;
17.03.2010 15:18:00 ;48,26;7,02;50,2;728;;;;;;;;;;;;;;;
17.03.2010 15:23:19 ;48,35;7,03;50,3;700;;;;;;;;;;;;;;;
17.03.2010 15:28:38 ;48,44;6,99;50,2;699;;;;;;;;;;;;;;;
17.03.2010 15:33:57 ;48,53;7,02;50,2;698;24,7;;;;;;;;;;;;;;
17.03.2010 15:39:17 ;48,62;7,01;49,8;699;24,7;;;;;;;;;;;;;;
17.03.2010 15:44:36 ;48,7;7,01;50,2;691;24,7;;;;;;;;;;;;;;
17.03.2010 15:49:55 ;48,79;7;50,2;694;24,7;;;;;;;;;;;;;;
17.03.2010 15:55:15 ;48,88;7,03;50;690;24,7;;;;;;;;;;;;;;
17.03.2010 16:00:34 ;48,97;7,02;50;690;24,7;;;;;;;;;;;;;;
17.03.2010 16:05:53 ;49,06;7,03;49,5;722;24,7;;;;;;;;;;;;;;
17.03.2010 16:11:12 ;49,15;6,99;50,4;718;24,7;;;;;;;;;;;;;;
17.03.2010 16:16:33 ;49,24;7,02;49,9;715;;;;;;;;;;;;;;;
17.03.2010 16:21:52 ;49,32;7;50,2;716;;;;;;;;;;;;;;;
17.03.2010 16:27:11 ;49,41;6,99;49,6;718;;;;;;;;;;;;;;;
17.03.2010 16:32:30 ;49,5;7,02;50,4;715;;;;;;;;;;;;;;;
17.03.2010 16:37:49 ;49,59;7,05;50,5;704;;;;;;;;;;;;;;;
17.03.2010 16:43:09 ;49,68;7;49,9;715;;;;;;;;;;;;;;;
17.03.2010 16:48:28 ;49,77;6,98;50,2;689;24,2;;;;;;;;;;;;;;
17.03.2010 16:53:47 ;49,86;7;49,9;686;24,2;;;;;;;;;;;;;;
17.03.2010 16:59:06 ;49,95;6,98;50,8;689;24,2;;;;;;;;;;;;;;
17.03.2010 17:04:26 ;50,03;7,06;49,9;685;24,5;;;;;;;;;;;;;;
17.03.2010 17:09:45 ;50,12;6,99;50,2;689;24,5;;;;;;;;;;;;;;
17.03.2010 17:15:04 ;50,21;7,03;49,6;715;;;;;;;;;;;;;;;
17.03.2010 17:20:23 ;50,3;7,02;50,8;698;;;;;;;;;;;;;;;
17.03.2010 17:25:42 ;50,39;7;50;688;;;;;;;;;;;;;;;
17.03.2010 17:31:02 ;50,48;7,02;50,3;680;24,2;;;;;;;;;;;;;;
17.03.2010 17:36:21 ;50,57;7,01;50,6;680;24,2;;;;;;;;;;;;;;
17.03.2010 17:41:40 ;50,65;6,99;50;678;24,2;;;;;;;;;;;;;;
17.03.2010 17:46:59 ;50,74;7,03;50;681;24,4;;;;;;;;;;;;;;
17.03.2010 17:52:19 ;50,83;7,02;50,1;680;24,4;;;;;;;;;;;;;;
17.03.2010 17:57:38 ;50,92;6,92;50,5;676;24,4;;;;;;;;;;;;;;
17.03.2010 18:02:57 ;51,01;7,04;50,3;694;;;;;;;;;;;;;;;
17.03.2010 18:08:16 ;51,1;7;50,1;687;;;;;;;;;;;;;;;
17.03.2010 18:13:35 ;51,19;6,99;49,9;682;;;;;;;;;;;;;;;
17.03.2010 18:18:55 ;51,28;6,95;49,9;688;;;;;;;;;;;;;;;
17.03.2010 18:24:14 ;51,36;7,03;50,1;657;;;;;;;;;;;;;;;
17.03.2010 18:29:33 ;51,45;7,01;50,5;652;24,1;;;;;;;;;;;;;;
17.03.2010 18:34:52 ;51,54;7,02;49,8;653;24,1;;;;;;;;;;;;;;
17.03.2010 18:40:12 ;51,63;6,97;50,8;645;24,1;;;;;;;;;;;;;;
17.03.2010 18:45:31 ;51,72;7,05;50,5;647;24,1;;;;;;;;;;;;;;
17.03.2010 18:50:50 ;51,81;7,03;50,3;652;24,0;;;;;;;;;;;;;;
17.03.2010 18:56:09 ;51,9;7,03;50,2;647;24,0;;;;;;;;;;;;;;
17.03.2010 19:01:29 ;51,98;7,03;50;649;24,3;;;;;;;;;;;;;;
17.03.2010 19:06:48 ;52,07;7,02;49,6;669;24,3;;;;;;;;;;;;;;
17.03.2010 19:12:07 ;52,16;7,06;50;641;24,5;;;;;;;;;;;;;;
17.03.2010 19:17:27 ;52,25;7,04;49,6;651;24,3;;;;;;;;;;;;;;
17.03.2010 19:22:46 ;52,34;6,96;50,5;627;24,3;;;;;;;;;;;;;;
17.03.2010 19:28:05 ;52,43;7,02;49,6;639;24,2;;;;;;;;;;;;;;
17.03.2010 19:33:24 ;52,52;7,01;51,3;627;23,7;;;;;;;;;;;;;;
17.03.2010 19:38:44 ;52,61;6,99;50;638;23,7;;;;;;;;;;;;;;
17.03.2010 19:44:03 ;52,69;6,98;50,7;636;23,7;;;;;;;;;;;;;;
17.03.2010 19:49:23 ;52,78;6,96;49,9;642;23,7;;;;;;;;;;;;;;
17.03.2010 19:54:43 ;52,87;7,05;50,1;636;23,7;;;;;;;;;;;;;;
17.03.2010 20:00:02 ;52,96;7,05;49,7;648;23,4;;;;;;;;;;;;;;
17.03.2010 20:05:21 ;53,05;7,01;50,6;653;23,4;;;;;;;;;;;;;;
17.03.2010 20:10:40 ;53,14;7,02;49,9;647;23,4;;;;;;;;;;;;;;
17.03.2010 20:16:00 ;53,23;6,99;50,3;647;;;;;;;;;;;;;;;
17.03.2010 20:21:19 ;53,32;7,06;50,7;646;;;;;;;;;;;;;;;
17.03.2010 20:26:38 ;53,4;7,02;49,9;645;;;;;;;;;;;;;;;
17.03.2010 20:31:57 ;53,49;7,02;50,3;623;;;;;;;;;;;;;;;
17.03.2010 20:37:16 ;53,58;6,99;49,6;618;;;;;;;;;;;;;;;
17.03.2010 20:42:36 ;53,67;7,02;50,1;609;;;;;;;;;;;;;;;
17.03.2010 20:47:55 ;53,76;7,03;49,9;621;22,3;;;;;;;;;;;;;;
17.03.2010 20:53:14 ;53,85;6,98;49,8;614;22,3;;;;;;;;;;;;;;
17.03.2010 20:58:33 ;53,94;7,04;49,1;634;22,6;;;;;;;;;;;;;;
17.03.2010 21:03:53 ;54,02;7,05;50,1;603;22,6;;;;;;;;;;;;;;
17.03.2010 21:09:12 ;54,11;7,01;49,9;609;22,6;;;;;;;;;;;;;;
17.03.2010 21:14:31 ;54,2;7,04;49,6;631;;;;;;;;;;;;;;;
17.03.2010 21:19:50 ;54,29;7,02;49,2;613;;;;;;;;;;;;;;;
17.03.2010 21:25:10 ;54,38;7,05;50,1;605;;;;;;;;;;;;;;;
17.03.2010 21:30:29 ;54,47;7,01;49,4;619;22,2;;;;;;;;;;;;;;
17.03.2010 21:35:48 ;54,56;7;50,2;600;22,2;;;;;;;;;;;;;;
17.03.2010 21:41:07 ;54,65;7,02;49,3;604;22,2;;;;;;;;;;;;;;
17.03.2010 21:46:27 ;54,73;7,01;50,2;587;22,2;;;;;;;;;;;;;;
17.03.2010 21:51:46 ;54,82;7,03;50,2;601;22,2;;;;;;;;;;;;;;
17.03.2010 21:57:05 ;54,91;7,03;50,1;596;22,2;;;;;;;;;;;;;;
17.03.2010 22:02:24 ;55;6,98;50,2;614;22,5;;;;;;;;;;;;;;
17.03.2010 22:07:43 ;55,09;7,04;49,3;617;22,5;;;;;;;;;;;;;;
17.03.2010 22:13:03 ;55,18;7,03;50,1;612;;;;;;;;;;;;;;;
17.03.2010 22:18:22 ;55,27;7,03;51,5;587;;;;;;;;;;;;;;;
17.03.2010 22:23:41 ;55,35;6,97;49,6;593;;;;;;;;;;;;;;;
17.03.2010 22:29:00 ;55,44;7,03;50,3;585;21,7;;;;;;;;;;;;;;
17.03.2010 22:34:20 ;55,53;7,02;50,1;586;21,7;;;;;;;;;;;;;;
17.03.2010 22:39:39 ;55,62;6,99;49,3;600;21,7;;;;;;;;;;;;;;
17.03.2010 22:44:58 ;55,71;7,04;50,1;582;21,9;;;;;;;;;;;;;;
17.03.2010 22:50:17 ;55,8;7;49,8;594;21,9;;;;;;;;;;;;;;
17.03.2010 22:55:37 ;55,89;7;50,8;578;21,9;;;;;;;;;;;;;;
17.03.2010 23:00:56 ;55,98;7,04;50,5;576;21,9;;;;;;;;;;;;;;
17.03.2010 23:06:15 ;56,06;7,03;50,5;572;21,9;;;;;;;;;;;;;;
17.03.2010 23:11:34 ;56,15;6,97;49,5;613;21,9;;;;;;;;;;;;;;
17.03.2010 23:16:53 ;56,24;7,04;50,8;591;;;;;;;;;;;;;;;
17.03.2010 23:22:13 ;56,33;7,02;51,8;570;;;;;;;;;;;;;;;
17.03.2010 23:27:32 ;56,42;7,01;49,9;581;22,4;;;;;;;;;;;;;;
17.03.2010 23:32:51 ;56,51;7,06;50;600;22,4;;;;;;;;;;;;;;
17.03.2010 23:38:10 ;56,6;7,03;49,7;599;22,4;;;;;;;;;;;;;;
17.03.2010 23:43:30 ;56,69;7,03;47,8;604;21,5;;;;;;;;;;;;;;
17.03.2010 23:48:49 ;56,77;7,04;50,2;592;21,5;;;;;;;;;;;;;;
17.03.2010 23:54:08 ;56,86;7,01;49,7;575;21,5;;;;;;;;;;;;;;
17.03.2010 23:59:27 ;56,95;7,03;50;568;21,8;;;;;;;;;;;;;;
18.03.2010 00:04:47 ;57,04;7,04;50,4;583;21,8;;;;;;;;;;;;;;
18.03.2010 00:10:06 ;57,13;7,01;49,8;606;21,8;;;;;;;;;;;;;;
18.03.2010 00:15:25 ;57,22;7,03;49;611;;;;;;;;;;;;;;;
18.03.2010 00:20:44 ;57,31;6,95;50,9;589;;;;;;;;;;;;;;;
18.03.2010 00:26:03 ;57,39;7,01;50,1;596;;;;;;;;;;;;;;;
18.03.2010 00:31:23 ;57,48;7,01;49,8;602;;;;;;;;;;;;;;;
18.03.2010 00:36:42 ;57,57;6,99;49,9;601;;;;;;;;;;;;;;;
18.03.2010 00:42:01 ;57,66;7;52,4;577;;;;;;;;;;;;;;;
18.03.2010 00:47:20 ;57,75;7,03;50;577;;;;;;;;;;;;;;;
18.03.2010 00:52:40 ;57,84;7;50;587;;;;;;;;;;;;;;;
18.03.2010 00:57:59 ;57,93;6,97;49,8;563;21,8;;;;;;;;;;;;;;
18.03.2010 01:03:18 ;58,02;7,03;50,5;568;21,8;;;;;;;;;;;;;;
18.03.2010 01:08:37 ;58,1;7,01;50,4;575;21,8;;;;;;;;;;;;;;
18.03.2010 01:13:57 ;58,19;7,06;50,3;566;22,4;;;;;;;;;;;;;;
18.03.2010 01:19:16 ;58,28;6,97;50;591;22,4;;;;;;;;;;;;;;
18.03.2010 01:24:35 ;58,37;7,06;49,6;596;22,4;;;;;;;;;;;;;;
18.03.2010 01:29:54 ;58,46;7;49,4;584;21,2;;;;;;;;;;;;;;
18.03.2010 01:35:13 ;58,55;7,01;50,1;559;21,2;;;;;;;;;;;;;;
18.03.2010 01:40:33 ;58,64;7,03;48,9;586;21,2;;;;;;;;;;;;;;
18.03.2010 01:45:52 ;58,72;7,02;50;564;22,0;;;;;;;;;;;;;;
18.03.2010 01:51:11 ;58,81;6,98;49,7;567;22,0;;;;;;;;;;;;;;
18.03.2010 01:56:31 ;58,9;7,02;49,6;570;21,8;;;;;;;;;;;;;;
18.03.2010 02:01:50 ;58,99;6,97;50,8;562;21,8;;;;;;;;;;;;;;
18.03.2010 02:07:09 ;59,08;6,94;49,6;583;21,8;;;;;;;;;;;;;;
18.03.2010 02:12:28 ;59,17;6,99;51,6;566;21,8;;;;;;;;;;;;;;
18.03.2010 02:17:47 ;59,26;7,04;50,2;570;21,8;;;;;;;;;;;;;;
18.03.2010 02:23:07 ;59,35;7,06;50,2;568;21,8;;;;;;;;;;;;;;
18.03.2010 02:28:26 ;59,43;7,05;50,2;571;22,1;;;;;;;;;;;;;;
18.03.2010 02:33:45 ;59,52;7,06;50,1;559;22,1;;;;;;;;;;;;;;
18.03.2010 02:39:04 ;59,61;7,01;50,7;569;22,1;;;;;;;;;;;;;;
18.03.2010 02:44:24 ;59,7;7,04;49,8;571;21,8;;;;;;;;;;;;;;
18.03.2010 02:49:43 ;59,79;6,96;50,8;562;21,7;;;;;;;;;;;;;;
18.03.2010 02:55:02 ;59,88;7,05;50,9;552;21,7;;;;;;;;;;;;;;
18.03.2010 03:00:21 ;59,97;7,01;48,8;568;21,4;;;;;;;;;;;;;;
18.03.2010 03:05:41 ;60,05;6,98;50,8;563;21,4;;;;;;;;;;;;;;
18.03.2010 03:11:00 ;60,14;7,04;50,8;562;21,7;;;;;;;;;;;;;;
18.03.2010 03:16:19 ;60,23;7,03;49,8;570;21,7;;;;;;;;;;;;;;
18.03.2010 03:21:38 ;60,32;7,04;49,9;573;21,7;;;;;;;;;;;;;;
18.03.2010 03:26:58 ;60,41;7,04;50,2;565;21,7;;;;;;;;;;;;;;
18.03.2010 03:32:17 ;60,5;7,04;50,3;568;21,7;;;;;;;;;;;;;;
18.03.2010 03:37:36 ;60,59;7,01;49,7;569;21,7;;;;;;;;;;;;;;
18.03.2010 03:42:55 ;60,68;7,03;50,5;566;22,0;;;;;;;;;;;;;;
18.03.2010 03:48:15 ;60,76;7,01;50;555;22,0;;;;;;;;;;;;;;
18.03.2010 03:53:34 ;60,85;7,01;49,9;565;22,0;;;;;;;;;;;;;;
18.03.2010 03:58:53 ;60,94;7,02;50;562;22,0;;;;;;;;;;;;;;
18.03.2010 04:04:12 ;61,03;6,98;49,8;589;22,0;;;;;;;;;;;;;;
18.03.2010 04:09:32 ;61,12;7,01;50;554;22,0;;;;;;;;;;;;;;
18.03.2010 04:14:51 ;61,21;7,05;49;588;22,0;;;;;;;;;;;;;;
18.03.2010 04:20:10 ;61,3;7;47,9;591;22,0;;;;;;;;;;;;;;
18.03.2010 04:25:30 ;61,39;7,01;49,8;557;21,7;;;;;;;;;;;;;;
18.03.2010 04:30:50 ;61,47;7,01;50,3;563;21,7;;;;;;;;;;;;;;
18.03.2010 04:36:09 ;61,56;7,05;49,6;562;21,7;;;;;;;;;;;;;;
18.03.2010 04:41:28 ;61,65;7,01;49,5;567;21,7;;;;;;;;;;;;;;
18.03.2010 04:46:47 ;61,74;7,06;50,2;564;21,6;;;;;;;;;;;;;;
18.03.2010 04:52:06 ;61,83;7,04;49,8;560;21,6;;;;;;;;;;;;;;
18.03.2010 04:57:26 ;61,92;7,03;49,6;572;21,6;;;;;;;;;;;;;;
18.03.2010 05:02:45 ;62,01;7;49,6;564;21,6;;;;;;;;;;;;;;
18.03.2010 05:08:04 ;62,09;7;50,1;563;21,6;;;;;;;;;;;;;;
18.03.2010 05:13:23 ;62,18;7,01;48,7;586;21,9;;;;;;;;;;;;;;
18.03.2010 05:18:43 ;62,27;7,03;50,7;559;21,9;;;;;;;;;;;;;;
18.03.2010 05:24:02 ;62,36;7,02;49,5;565;21,9;;;;;;;;;;;;;;
18.03.2010 05:29:21 ;62,45;7,01;50;555;21,6;;;;;;;;;;;;;;
18.03.2010 05:34:40 ;62,54;6,95;50,2;558;21,6;;;;;;;;;;;;;;
18.03.2010 05:40:00 ;62,63;7,02;50,4;550;21,6;;;;;;;;;;;;;;
18.03.2010 05:45:19 ;62,72;7,05;48,8;580;21,6;;;;;;;;;;;;;;
18.03.2010 05:50:38 ;62,8;7,02;50,8;553;21,6;;;;;;;;;;;;;;
18.03.2010 05:55:57 ;62,89;7;50,4;556;21,9;;;;;;;;;;;;;;
18.03.2010 06:01:16 ;62,98;6,94;50,2;560;21,9;;;;;;;;;;;;;;
18.03.2010 06:06:36 ;63,07;6,96;50,1;568;21,9;;;;;;;;;;;;;;
18.03.2010 06:11:55 ;63,16;7,04;50,1;571;22,2;;;;;;;;;;;;;;
18.03.2010 06:17:14 ;63,25;7,02;49,9;571;22,2;;;;;;;;;;;;;;
18.03.2010 06:22:33 ;63,34;7;49,8;560;22,2;;;;;;;;;;;;;;
18.03.2010 06:27:53 ;63,42;7,06;50,6;568;22,1;;;;;;;;;;;;;;
18.03.2010 06:33:12 ;63,51;7,04;50;565;22,1;;;;;;;;;;;;;;
18.03.2010 06:38:31 ;63,6;6,99;50,7;552;22,1;;;;;;;;;;;;;;
18.03.2010 06:43:50 ;63,69;6,98;49,3;569;21,8;;;;;;;;;;;;;;
18.03.2010 06:49:10 ;63,78;7,08;50,1;566;21,8;;;;;;;;;;;;;;
18.03.2010 06:54:29 ;63,87;7,04;49,7;554;21,9;;;;;;;;;;;;;;
18.03.2010 06:59:48 ;63,96;7,03;50,2;560;21,9;;;;;;;;;;;;;;
18.03.2010 07:05:07 ;64,05;7,04;50,1;564;21,9;;;;;;;;;;;;;;
18.03.2010 07:10:27 ;64,13;7,02;50,4;558;21,8;;;;;;;;;;;;;;
18.03.2010 07:15:46 ;64,22;7,02;50,4;564;21,8;;;;;;;;;;;;;;
18.03.2010 07:21:05 ;64,31;7,06;50,4;562;21,8;;;;;;;;;;;;;;
18.03.2010 07:26:24 ;64,4;6,98;50,1;568;21,6;;;;;;;;;;;;;;
18.03.2010 07:31:44 ;64,49;6,95;53,5;560;21,6;;;;;;;;;;;;;;
18.03.2010 07:37:04 ;64,58;7,06;50,5;561;21,6;;;;;;;;;;;;;;
18.03.2010 07:42:23 ;64,67;7,04;50,7;567;21,5;;;;;;;;;;;;;;
18.03.2010 07:47:42 ;64,76;7,01;50,7;559;21,5;;;;;;;;;;;;;;
18.03.2010 07:53:01 ;64,84;6,92;50,4;555;21,5;;;;;;;;;;;;;;
18.03.2010 07:58:21 ;64,93;7,04;50,1;554;21,8;;;;;;;;;;;;;;
18.03.2010 08:03:40 ;65,02;7,04;51,4;535;21,8;;;;;;;;;;;;;;
18.03.2010 08:08:59 ;65,11;7;49,9;556;21,8;;;;;;;;;;;;;;
18.03.2010 08:14:18 ;65,2;7,02;50,4;557;21,8;;;;;;;;;;;;;;
18.03.2010 08:19:38 ;65,29;7,07;50,6;558;21,8;;;;;;;;;;;;;;
18.03.2010 08:24:57 ;65,38;6,98;50,3;548;21,5;;;;;;;;;;;;;;
18.03.2010 08:30:16 ;65,46;7,06;50,5;553;21,5;;;;;;;;;;;;;;
18.03.2010 08:35:35 ;65,55;7,07;49,9;578;21,4;;;;;;;;;;;;;;
18.03.2010 08:40:54 ;65,64;6,98;50;571;;;;;;;;;;;;;;;
18.03.2010 08:46:14 ;65,73;6,98;50,7;582;;;;;;;;;;;;;;;
18.03.2010 08:51:33 ;65,82;7,01;50,8;564;;;;;;;;;;;;;;;
18.03.2010 08:56:52 ;65,91;7,01;50,4;555;21,6;;;;;;;;;;;;;;
18.03.2010 09:02:11 ;66;6,97;50,7;550;21,6;;;;;;;;;;;;;;
18.03.2010 09:07:31 ;66,09;7,09;50;564;21,6;;;;;;;;;;;;;;
18.03.2010 09:12:50 ;66,17;7,03;50,6;558;21,0;;;;;;;;;;;;;;
18.03.2010 09:18:09 ;66,26;6,95;50,6;557;21,0;;;;;;;;;;;;;;
18.03.2010 09:23:28 ;66,35;7;50,1;552;21,4;;;;;;;;;;;;;;
18.03.2010 09:28:48 ;66,44;7,05;50;564;21,4;;;;;;;;;;;;;;
18.03.2010 09:34:07 ;66,53;6,99;50,4;552;21,4;;;;;;;;;;;;;;
18.03.2010 09:39:26 ;66,62;7,03;50,4;549;21,3;;;;;;;;;;;;;;
18.03.2010 09:44:45 ;66,71;7;50,4;552;21,3;;;;;;;;;;;;;;
18.03.2010 09:50:04 ;66,79;7,02;49,7;560;21,3;;;;;;;;;;;;;;
18.03.2010 09:55:24 ;66,88;7,04;50,1;553;21,9;;;;;;;;;;;;;;
;;;;;;;;;;;;;;;;;;;
;;;;;;;;;;;;;;;;;;;
;;;;;;;;;;;;;;;;;;;
;;;;;;;;;;;;;;;;;;;
;;;;;;;;;;;;;;;;;;;
;;;;;;;;;;;;;;;;;;;
;;;;;;;;;;;;;;;;;;;
;;;;;;;;;;;;;;;;;;;
;;;;;;;;;;;;;;;;;;;
;;;;;;;;;;;;;;;;;;;
;;;;;;;;;;;;;;;;;;;
;;;;;;;;;;;;;;;;;;;
;;;;;;;;;;;;;;;;;;;
;;;;;;;;;;;;;;;;;;;
;;;;;;;;;;;;;;;;;;;
;;;;;;;;;;;;;;;;;;;
;;;;;;;;;;;;;;;;;;;
;;;;;;;;;;;;;;;;;;;
;;;;;;;;;;;;;;;;;;;
;;;;;;;;;;;;;;;;;;;
;;;;;;;;;;;;;;;;;;;
;;;;;;;;;;;;;;;;;;;
;;;;;;;;;;;;;;;;;;;
;;;;;;;;;;;;;;;;;;;
;;;;;;;;;;;;;;;;;;;
;;;;;;;;;;;;;;;;;;;
;;;;;;;;;;;;;;;;;;;
;;;;;;;;;;;;;;;;;;;
;;;;;;;;;;;;;;;;;;;
;;;;;;;;;;;;;;;;;;;
;;;;;;;;;;;;;;;;;;;
;;;;;;;;;;;;;;;;;;;
;;;;;;;;;;;;;;;;;;;
;;;;;;;;;;;;;;;;;;;
;;;;;;;;;;;;;;;;;;;
;;;;;;;;;;;;;;;;;;;
;;;;;;;;;;;;;;;;;;;
;;;;;;;;;;;;;;;;;;;
;;;;;;;;;;;;;;;;;;;
;;;;;;;;;;;;;;;;;;;
;;;;;;;;;;;;;;;;;;;
;;;;;;;;;;;;;;;;;;;
