Hours;Glucose uptake;Glutamate uptake;PO4 uptake;Glucose in medium;Glutamate in medium;PO4 in medium;Biomass;Growth rate;Max PO4 /gDW;Max PO4
1.0;0.5474944333201098;1.1430066800158682;0.13069679800778533;227.58069289772834;390.086812793643;5.122979589109532;0.03;0.12859921619247788;1024.595917821906;30.737877534657176
1.1666666666666667;0.5474944333201001;1.14300668001588;0.13069679800750056;227.57795542556175;390.0810977602429;5.122326105119493;0.030649936308712756;0.128599216192477;1002.7412886329654;30.733956630716943
1.3333333333333333;0.5474944333201001;1.14300668001588;0.13069679800750056;227.57515864731;390.0752589132524;5.121658463697046;0.03131395319093828;0.128599216192477;981.3500899999744;30.729950782182264
1.5;0.5474944333201001;1.14300668001588;0.13069679800750056;227.57230127813378;390.06929357030657;5.120976358127877;0.03199235569587569;0.128599216192477;960.4124948113242;30.72585814876725
1.6666666666666667;0.5474944333201001;1.14300668001588;0.13069679800750056;227.5693820053584;390.06319899092824;5.1202794750528495;0.032685455481475785;0.128599216192477;939.9188843407229;30.721676850317085
1.8333333333333333;0.5474944333201001;1.14300668001588;0.13069679800750056;227.56639948787063;390.05697237526914;5.119567494324042;0.03339357095761663;0.128599216192477;919.8598438283525;30.71740496594424
2.0;0.5474944333201001;1.14300668001588;0.13069679800750056;227.56335235550264;390.0506108628235;5.118840088857676;0.034117027432380986;0.128599216192477;900.2261581557318;30.713040533146046
2.166666666666667;0.5474944333201001;1.14300668001588;0.13069679800750056;227.56023920840252;390.0441115311139;5.118096924483852;0.03485615726150276;0.128599216192477;881.0088076122925;30.708581546903098
2.3333333333333335;0.5474944333201001;1.14300668001588;0.13069679800750056;227.55705861639126;390.037471394349;5.117337659793031;0.03561130000105117;0.128599216192477;862.1989637517264;30.704025958758173
2.5;0.5474944333201001;1.14300668001588;0.13069679800750056;227.55380911830562;390.03068740205146;5.116561945979194;0.03638280256342269;0.128599216192477;843.7879853361995;30.69937167587515
2.6666666666666665;0.5474944333201001;1.14300668001588;0.13069679800750056;227.55048922132696;390.02375643765686;5.115769426679597;0.03717101937671255;0.128599216192477;825.7674143665693;30.694616560077566
2.8333333333333335;0.5474944333201001;1.14300668001588;0.13069679800750056;227.54709740029537;390.01667531708176;5.114959737811062;0.03797631254753891;0.128599216192477;808.1289721967815;30.68975842686636
3.0;0.5474944333201001;1.14300668001588;0.13069679800750056;227.54363209700907;390.00944078726104;5.114132507402712;0.038799052027394546;0.128599216192477;790.8645557306629;30.684795044416262
3.1666666666666665;0.5474944333201001;1.14300668001588;0.13069679800750056;227.54009171950855;390.00204952465344;5.113287355425094;0.03963961578260251;0.128599216192477;773.9662336993596;30.679724132550554
3.3333333333333335;0.5474944333201001;1.14300668001588;0.13069679800750056;227.53647464134522;389.99449813371467;5.112423893615588;0.04049838996795372;0.128599216192477;757.4262430177153;30.674543361693516
3.5;0.5474944333201001;1.14300668001588;0.13069679800750056;227.53277920083426;389.9867831453375;5.111541725300043;0.04137576910410643;0.128599216192477;741.2369852179112;30.669250351800244
3.6666666666666665;0.5474944333201001;1.14300668001588;0.13069679800750056;227.52900370029113;389.97890101525803;5.110640445210542;0.0422721562588289;0.128599216192477;725.3910229587315;30.66384267126324
3.8333333333333335;0.5474944333201001;1.14300668001588;0.13069679800750056;227.52514640525177;389.97084812242764;5.109719639299225;0.04318796323216863;0.128599216192477;709.881076608851;30.658317835795337
4.0;0.5474944333201001;1.14300668001588;0.13069679800750056;227.52120554367576;389.9626207673492;5.108778884548074;0.044123610745633216;0.128599216192477;694.7000209025739;30.65267330728843
4.166666666666667;0.5474944333201001;1.14300668001588;0.13069679800750056;227.51717930513223;389.9542151703778;5.107817748774576;0.04507952863546972;0.128599216192477;679.8408816664885;30.646906492647446
4.333333333333334;0.5474944333201001;1.14300668001588;0.13069679800750056;227.51306583996814;389.94562746998406;5.106835790433186;0.04605615605013132;0.128599216192477;665.2968326155334;30.6410147425991
4.500000000000001;0.5474944333201001;1.14300668001588;0.13069679800750056;227.50886325845855;389.93685372098054;5.105832558412471;0.04705394165202201;0.128599216192477;651.0611922170045;30.634995350474814
4.666666666666667;0.5474944333201001;1.14300668001588;0.13069679800750056;227.50456962993852;389.927889892709;5.104807591827879;0.048073343823612016;0.128599216192477;637.1274206210594;30.628845550967263
4.833333333333333;0.5474944333201001;1.14300668001588;0.13069679800750056;227.50018298191608;389.9187318671888;5.103760419810003;0.049114830878018594;0.128599216192477;623.4891166563127;30.622562518860004
5.0;0.5474944333201001;1.14300668001588;0.13069679800750056;227.49570129916623;389.9093754372252;5.102690561288264;0.05017888127414894;0.128599216192477;610.1400148891389;30.61614336772957
5.166666666666667;0.5474944333201001;1.14300668001588;0.13069679800750056;227.49112252280491;389.89981630447653;5.101597524769909;0.05126598383650413;0.128599216192477;597.0739827453341;30.60958514861944
5.333333333333333;0.5474944333201001;1.14300668001588;0.13069679800750056;227.4864445493434;389.89005007747943;5.10048080811422;0.05237663797974496;0.128599216192477;584.2850176928122;30.602884848685306
5.5;0.5474944333201001;1.14300668001588;0.13069679800750056;227.48166522972173;389.8800722696315;5.099339898301828;0.053511353938122945;0.128599216192477;571.767244484044;30.596039389810954
5.666666666666667;0.5474944333201001;1.14300668001588;0.13069679800750056;227.47678236832164;389.8698782971302;5.098174271199035;0.05467065299988178;0.128599216192477;559.5149124569692;30.589045627194196
5.833333333333333;0.5474944333201001;1.14300668001588;0.13069679800750056;227.47179372195774;389.8594634768669;5.096983391317024;0.055855067746737076;0.128599216192477;547.5223928931437;30.58190034790213
6.0;0.5474944333201001;1.14300668001588;0.13069679800750056;227.46669699884706;389.8488230242757;5.095766711565859;0.05706514229854424;0.128599216192477;535.7841764319077;30.57460026939514
6.166666666666667;0.5474944333201001;1.14300668001588;0.13069679800750056;227.46148985755622;389.8379520511352;5.094523673003149;0.05830143256326703;0.128599216192477;524.2948705393868;30.56714203801888
6.333333333333333;0.5474944333201001;1.14300668001588;0.13069679800750056;227.45616990592572;389.82684556332276;5.093253704577271;0.05956450649236154;0.128599216192477;513.0491970311635;30.559522227463614
6.5;0.5474944333201001;1.14300668001588;0.13069679800750056;227.45073469997104;389.81549845852066;5.091956222865029;0.06085494434169294;0.128599216192477;502.04198964747974;30.55173733719016
6.666666666666667;0.5474944333201001;1.14300668001588;0.13069679800750056;227.44518174275984;389.80390552387155;5.090630631803632;0.062173338938104936;0.128599216192477;491.268191679859;30.543783790821777
6.833333333333333;0.5474944333201001;1.14300668001588;0.13069679800750056;227.43950848326492;389.792061433584;5.089276322416858;0.06352029595176423;0.128599216192477;480.72285364805555;30.53565793450113
7.0;0.5474944333201001;1.14300668001588;0.13069679800750056;227.43371231519217;389.77996074648576;5.087892672535293;0.06489643417440527;0.128599216192477;470.40113102626424;30.527356035211746
7.166666666666667;0.5474944333201001;1.14300668001588;0.13069679800750056;227.42779057578338;389.767597903524;5.08647904651051;0.06630238580360304;0.128599216192477;460.29828201754657;30.518874279063045
7.333333333333333;0.5474944333201001;1.14300668001588;0.13069679800750056;227.42174054459284;389.7549672252116;5.085034794923045;0.06773879673320445;0.128599216192477;450.40966537545023;30.510208769538256
7.5;0.5474944333201001;1.14300668001588;0.13069679800750056;227.41555944223762;389.7420629090179;5.08355925428406;0.06920632685005185;0.128599216192477;440.7307382718217;30.501355525704344
7.666666666666667;0.5474944333201001;1.14300668001588;0.13069679800750056;227.4092444291208;389.72887902670305;5.082051746730532;0.07070565033713487;0.128599216192477;431.2570542098318;30.492310480383182
7.833333333333333;0.5474944333201001;1.14300668001588;0.13069679800750056;227.40279260412683;389.71540952159467;5.080511579713849;0.07223745598330994;0.128599216192477;421.9842609812564;30.48306947828308
8.0;0.5474944333201001;1.14300668001588;0.13069679800750056;227.3962010032888;389.70164820580527;5.078938045681644;0.07380244749972968;0.128599216192477;412.9080986670729;30.47362827408985
8.166666666666668;0.5474944333201001;1.14300668001588;0.13069679800750056;227.38946659842688;389.6875887573897;5.077330421752755;0.07540134384312772;0.128599216192477;404.02439768045446;30.463982530516517
8.333333333333334;0.5474944333201001;1.14300668001588;0.13069679800750056;227.38258629575705;389.6732247174405;5.075687969385129;0.07703487954610716;0.128599216192477;395.32907685126264;30.45412781631076
8.500000000000002;0.5474944333201001;1.14300668001588;0.13069679800750056;227.3755569344699;389.65854948712126;5.074009934036534;0.07870380505458477;0.128599216192477;386.81814155115893;30.444059604219188
8.666666666666668;0.5474944333201001;1.14300668001588;0.13069679800750056;227.3683752852785;389.6435563246346;5.072295544817927;0.08040888707254559;0.128599216192477;378.4876818584734;30.43377326890755
8.833333333333334;0.5474944333201001;1.14300668001588;0.13069679800750056;227.3610380489349;389.62823834212514;5.070544014139306;0.08215090891426662;0.128599216192477;370.3338707619875;30.42326408483582
9.000000000000002;0.5474944333201001;1.14300668001588;0.13069679800750056;227.35354185471442;389.6125885025154;5.068754537347889;0.08393067086417115;0.128599216192477;362.3529624028063;30.41252722408732
9.166666666666666;0.5474944333201001;1.14300668001588;0.13069679800750056;227.34588325886727;389.5965996162727;5.066926292358461;0.08574899054447929;0.128599216192477;354.54129035351156;30.40155775415075
9.333333333333334;0.5474944333201001;1.14300668001588;0.13069679800750056;227.3380587430363;389.5802643381066;5.065058439275704;0.0876067032908234;0.128599216192477;346.8952659338059;30.39035063565421
9.5;0.5474944333201001;1.14300668001588;0.13069679800750056;227.33006471264076;389.563575163594;5.063150120008354;0.0895046625360011;0.128599216192477;339.4113765618738;30.378900720050108
9.666666666666666;0.5474944333201001;1.14300668001588;0.13069679800750056;227.321897495225;389.5465244257321;5.061200457874987;0.09144374020204207;0.128599216192477;332.0861841407025;30.36720274724991
9.833333333333334;0.5474944333201001;1.14300668001588;0.13069679800750056;227.31355333877121;389.52910429141605;5.0592085572012815;0.09342482710076884;0.128599216192477;324.91632347862134;30.355251343207676
10.0;0.5474944333201001;1.14300668001588;0.13069679800750056;227.30502840997596;389.51130675784015;5.057173502908536;0.09544883334303553;0.128599216192477;317.89850074333253;30.343041017451203
10.166666666666666;0.5474944333201001;1.14300668001588;0.13069679800750056;227.29631879248893;389.49312364882167;5.055094360093288;0.09751668875683256;0.128599216192477;311.02949194872645;30.330566160559716
10.333333333333334;0.5474944333201001;1.14300668001588;0.13069679800750056;227.2874204851139;389.4745466110447;5.052970173597819;0.09962934331444942;0.128599216192477;304.3061414737826;30.3178210415869
10.5;0.5474944333201001;1.14300668001588;0.13069679800750056;227.27832939997057;389.4555671102223;5.050799967571354;0.10178776756889171;0.128599216192477;297.72536061287815;30.30479980542811
10.666666666666666;0.5474944333201001;1.14300668001588;0.13069679800750056;227.26904136061657;389.43617642717646;5.048582745021757;0.10399295309975294;0.128599216192477;291.2841261568376;30.29149647013053
10.833333333333334;0.5474944333201001;1.14300668001588;0.13069679800750056;227.2595521001288;389.41636565383186;5.04631748735751;0.106245912968746;0.128599216192477;284.97947900407047;30.277904924145048
11.0;0.5474944333201001;1.14300668001588;0.13069679800750056;227.24985725914323;389.3961256891239;5.044003153919777;0.10854768218510343;0.128599216192477;278.8085228011616;30.264018923518652
11.166666666666666;0.5474944333201001;1.14300668001588;0.13069679800750056;227.2399523838522;389.3754472348176;5.041638681504322;0.11089931818106046;0.128599216192477;272.76842261228643;30.24983208902592
11.333333333333334;0.5474944333201001;1.14300668001588;0.13069679800750056;227.22983292395836;389.3543207912359;5.039222983873076;0.1133019012976391;0.128599216192477;266.8564036168426;30.23533790323844
11.5;0.5474944333201001;1.14300668001588;0.13069679800750056;227.2194942305842;389.3327366528956;5.036754951255116;0.11575653528095657;0.128599216192477;261.06974983469763;30.22052970753068
11.666666666666666;0.5474944333201001;1.14300668001588;0.13069679800750056;227.2089315541364;389.3106849040487;5.034233449836838;0.11826434778928598;0.128599216192477;255.4058028784685;30.205400699021016
11.833333333333334;0.5474944333201001;1.14300668001588;0.13069679800750056;227.19814004212392;389.2881554141269;5.031657321241087;0.12082649091110229;0.128599216192477;249.86196073225918;30.18994392744651
12.0;0.5474944333201001;1.14300668001588;0.13069679800750056;227.1871147369287;389.26513783308786;5.029025381994993;0.1234441416943515;0.128599216192477;244.4356765562949;30.174152291969943
12.166666666666666;0.5474944333201001;1.14300668001588;0.13069679800750056;227.1758505735281;389.2416215866603;5.026336422986287;0.1261185026871862;0.128599216192477;239.12445751690487;30.158018537917705
12.333333333333334;0.5474944333201001;1.14300668001588;0.13069679800750056;227.1643423771681;389.21759587148614;5.023589208907834;0.12885080249041583;0.128599216192477;233.92586364131472;30.14153525344699
12.5;0.5474944333201001;1.14300668001588;0.13069679800750056;227.15258486098605;389.1930496501575;5.020782477690134;0.13164229632192573;0.128599216192477;228.83750669672392;30.124694866140793
12.666666666666666;0.5474944333201001;1.14300668001588;0.13069679800750056;227.14057262358176;389.16797164614604;5.017914939921529;0.1344942665933238;0.128599216192477;223.85704909315203;30.107489639529163
12.833333333333334;0.5474944333201001;1.14300668001588;0.13069679800750056;227.12830014653622;389.1423503386227;5.0149852782558435;0.13740802349908027;0.128599216192477;218.9822028095503;30.08991166953505
13.0;0.5474944333201001;1.14300668001588;0.13069679800750056;227.11576179187634;389.11617395716485;5.011992146807199;0.1403849056184305;0.128599216192477;214.21072834268563;30.071952880843178
13.166666666666666;0.5474944333201001;1.14300668001588;0.13069679800750056;227.10295179948497;389.089430476349;5.008934170531713;0.1434262805303182;0.128599216192477;209.54043367831306;30.053605023190265
13.333333333333334;0.5474944333201001;1.14300668001588;0.13069679800750056;227.08986428445462;389.0621076102263;5.005809944595807;0.14653354544166067;0.128599216192477;204.96917328416512;30.03485966757483
13.5;0.5474944333201001;1.14300668001588;0.13069679800750056;227.07649323438395;389.03419280667856;5.002618033730822;0.1497081278292255;0.128599216192477;200.49484712429458;30.015708202384918
13.666666666666666;0.5474944333201001;1.14300668001588;0.13069679800750056;227.06283250661573;389.00567324165166;4.9993569715736585;0.15295148609541293;0.128599216192477;196.11539969431874;29.99614182944194
13.833333333333334;0.5474944333201001;1.14300668001588;0.13069679800750056;227.04887582541485;388.9765358132641;4.996025259993132;0.15626511023824566;0.128599216192477;191.8288190771209;29.97615155995878
14.0;0.5474944333201001;1.14300668001588;0.13069679800750056;227.03461677908527;388.94676713578815;4.9926213684017275;0.15965052253587353;0.128599216192477;187.63313601857638;29.955728210410353
14.166666666666666;0.5474944333201001;1.14300668001588;0.13069679800750056;227.02004881702442;388.9163535335004;4.98914373305245;0.1631092782459078;0.128599216192477;183.5264230228774;29.93486239831469
14.333333333333334;0.5474944333201001;1.14300668001588;0.13069679800750056;227.005165246714;388.8852810343991;4.985590756320441;0.166642966319906;0.128599216192477;179.5067934670422;29.913544537922633
14.5;0.5474944333201001;1.14300668001588;0.13069679800750056;226.98995923064533;388.85353536378557;4.9819608059690275;0.17025321013333608;0.128599216192477;175.57240073420064;29.89176483581415
14.666666666666666;0.5474944333201001;1.14300668001588;0.13069679800750056;226.97442378317817;388.82110193770615;4.978252214399873;0.17394166823135465;0.128599216192477;171.721437365259;29.869513286399226
14.833333333333334;0.5474944333201001;1.14300668001588;0.13069679800750056;226.95855176733164;388.7879658562526;4.974463277886886;0.17771003509074212;0.128599216192477;167.95213422855366;29.846779667321304
15.0;0.5474944333201001;1.14300668001588;0.13069679800750056;226.94233589150542;388.75411189671684;4.970592255793526;0.18156004189834513;0.128599216192477;164.2627597071125;29.823553534761142
15.166666666666666;0.5474944333201001;1.14300668001588;0.13069679800750056;226.92576870612996;388.71952450659785;4.966637369773156;0.18549345734638323;0.128599216192477;160.65161890315028;29.79982421863892
15.333333333333334;0.5474944333201001;1.14300668001588;0.13069679800750056;226.9088426002442;388.6841877964568;4.96259680295207;0.1895120884449857;0.128599216192477;157.11705285943324;29.775580817712406
15.5;0.5474944333201001;1.14300668001588;0.13069679800750056;226.89154979799912;388.6480855326174;4.958468699094824;0.19361778135233165;0.128599216192477;153.65743779715433;29.75081219456893
15.666666666666666;0.5474944333201001;1.14300668001588;0.13069679800750056;226.8738823550854;388.61120112970815;4.954251161751479;0.19781242222277454;0.128599216192477;150.27118436996977;29.72550697050886
15.833333333333334;0.5474944333201001;1.14300668001588;0.13069679800750056;226.855832155084;388.57351764304303;4.949942253386375;0.20209793807334114;0.128599216192477;146.95673693385362;29.699653520318236
16.0;0.5474944333201001;1.14300668001588;0.13069679800750056;226.8373909057372;388.53501776083715;4.9455399944880245;0.20647629766900266;0.128599216192477;143.71257283243528;29.673239966928133
16.166666666666668;0.5474944333201001;1.14300668001588;0.13069679800750056;226.81855013513947;388.49568379625373;4.9410423626597275;0.2109495124271249;0.128599216192477;140.53720169749155;29.64625417595835
16.333333333333336;0.5474944333201001;1.14300668001588;0.13069679800750056;226.79930118784523;388.45549767927866;4.936447291690483;0.2155196373415129;0.128599216192477;137.4291647642718;29.618683750142882
16.500000000000004;0.5474944333201001;1.14300668001588;0.13069679800750056;226.77963522089263;388.4144409484193;4.93175267060577;0.22018877192647468;0.128599216192477;134.38703420134183;29.59051602363461
16.666666666666668;0.5474944333201001;1.14300668001588;0.13069679800750056;226.75954319974107;388.37249474222324;4.926956342697771;0.22495906118133757;0.128599216192477;131.40941245463836;29.561738056186613
16.833333333333336;0.5474944333201001;1.14300668001588;0.13069679800750056;226.7390158941208;388.32963979061316;4.922056104534575;0.2298326965758604;0.128599216192477;128.4949316054331;29.53233662720744
17.000000000000004;0.5474944333201001;1.14300668001588;0.13069679800750056;226.71804387379242;388.28585640603444;4.917049704947926;0.23481191705699414;0.128599216192477;125.64225274191118;29.502298229687543
17.166666666666668;0.5474944333201001;1.14300668001588;0.13069679800750056;226.69661750421477;388.2411244744105;4.911934843999035;0.2398990100774537;0.128599216192477;122.85006534407542;29.471609063994194
17.333333333333336;0.5474944333201001;1.14300668001588;0.13069679800750056;226.6747269421187;388.1954234459026;4.906709171921986;0.24509631264657314;0.128599216192477;120.11708668169362;29.440255031531905
17.500000000000004;0.5474944333201001;1.14300668001588;0.13069679800750056;226.65236213098515;388.14873232546887;4.9013702880442604;0.25040621240392713;0.128599216192477;117.44206122501272;29.40822172826555
17.666666666666668;0.5474944333201001;1.14300668001588;0.13069679800750056;226.62951279642516;388.10102966321966;4.895915739683864;0.2558311487162121;0.128599216192477;114.82376006796876;29.37549443810317
17.833333333333336;0.5474944333201001;1.14300668001588;0.13069679800750056;226.60616844145983;388.0522935445632;4.890343021022566;0.2613736137978907;0.128599216192477;112.26098036362755;29.34205812613538
18.000000000000004;0.5474944333201001;1.14300668001588;0.13069679800750056;226.58231834169797;388.0025015801381;4.884649571954727;0.26703615385611446;0.128599216192477;109.7525447715973;29.307897431728346
18.166666666666668;0.5474944333201001;1.14300668001588;0.13069679800750056;226.5579515404094;387.9516308955275;4.878832776911188;0.2728213702604509;0.128599216192477;107.2973009171585;29.272996661467115
18.333333333333332;0.5474944333201001;1.14300668001588;0.13069679800750056;226.53305684349132;387.89965812075104;4.872889963657678;0.27873192073795194;0.128599216192477;104.89412086186339;29.237339781946055
18.5;0.5474944333201001;1.14300668001588;0.13069679800750056;226.50762281432588;387.8465593795282;4.86681840206719;0.2847705205941133;0.128599216192477;102.54190058536122;29.200910412403125
18.666666666666668;0.5474944333201001;1.14300668001588;0.13069679800750056;226.48163776852607;387.79231027830974;4.860615302865759;0.29093994396028483;0.128599216192477;100.23955947821167;29.163691817194543
18.833333333333332;0.5474944333201001;1.14300668001588;0.13069679800750056;226.45508976856794;387.7368858950714;4.854277816351077;0.29724302506810624;0.128599216192477;97.98603984545302;29.12566689810645
19.0;0.5474944333201001;1.14300668001588;0.13069679800750056;226.4279666183066;387.6802607678646;4.847803031083333;0.3036826595515521;0.128599216192477;95.78030642069739;29.086818186499986
19.166666666666668;0.5474944333201001;1.14300668001588;0.13069679800750056;226.40025585737322;387.6224088831192;4.841187972547702;0.31026180577718565;0.128599216192477;93.62134589052955;29.047127835286197
19.333333333333332;0.5474944333201001;1.14300668001588;0.13069679800750056;226.37194475545076;387.56330366369303;4.834429601787851;0.3169834862032315;0.128599216192477;91.50816642899103;29.006577610727092
19.5;0.5474944333201001;1.14300668001588;0.13069679800750056;226.34302030642564;387.5029179566622;4.827524814009848;0.3238507887680924;0.128599216192477;89.43979724193552;28.965148884059076
19.666666666666668;0.5474944333201001;1.14300668001588;0.13069679800750056;226.31346922241283;387.44122402084713;4.820470437155816;0.3308668683089473;0.128599216192477;87.4152881210462;28.92282262293488
19.833333333333332;0.5474944333201001;1.14300668001588;0.13069679800750056;226.2832779276513;387.3781935140683;4.813263230446691;0.3380349480110828;0.128599216192477;85.43370900731036;28.879579382680134
20.0;0.5474944333125981;1.1430066800248824;0.1306967980239051;226.25243255226735;387.31379748012574;4.805899882893411;0.3453583208886238;0.12859921619416992;83.49414956375038;28.835399297360453
20.166666666666668;0.5474944333125981;1.1430066800248824;0.13069679801037637;226.22091892590322;387.2480063354961;4.798377011774901;0.3528403512974429;0.12859921619186276;81.59571875717619;28.790262070649394
20.333333333333332;0.5474944333125981;1.1430066800248824;0.13069679801128586;226.18872257120597;387.1807898557435;4.790691161087663;0.3604844764803117;0.1285992162007074;79.73754444900726;28.744146966525964
20.5;0.5474944332972407;1.1430066800433112;0.13069679803075474;226.15582869717787;387.11211716163314;4.782838799952871;0.3682942081472123;0.128599216195713;77.91877299424326;28.697032799717213
20.666666666666668;0.5474944332974933;1.143006680043008;0.1306967979913054;226.12222219238183;387.0419567049442;4.774816320996519;0.3762731340861981;0.12859921619235873;76.13856884987196;28.6488979259791
20.833333333333332;0.5474944332842913;1.143006680059034;0.1306967980371485;226.08788761799656;386.97027625398067;4.766620038697315;0.3844249198140493;0.1285992162018169;74.39611419056259;28.599720232183877
21.0;0.5474944332863588;1.1430066800563694;0.13069679802936207;226.05280920072755;386.89704287875924;4.7582461876797515;0.392753310260032;0.12859921622220055;72.69060853281316;28.549477126078497
21.166666666666668;0.5474944332863174;1.1430066800564191;0.1306967979372331;226.0169708255572;386.82222293588563;4.749690921002015;0.4012621314855238;0.12859921622220055;71.02126836765855;28.498145526012078
21.333333333333332;0.5474944334935241;1.1430066798077712;0.13069679797314995;225.98035602834437;386.74578205309535;4.740950308382244;0.4099552924396851;0.12859921615428876;69.38732680095487;28.44570185029345
21.5;0.5474944329220292;1.143006680493565;0.13069679813156654;225.94294798824572;386.6676851134818;4.732020334376575;0.4188367867538695;0.12859921621408985;67.78803320097128;28.392122006259434
21.666666666666668;0.5474944334935241;1.1430066800563736;0.13069679793927946;225.90472952007062;386.5878962392658;4.722896896548501;0.42791069459327485;0.12859921602178068;66.222652851024;28.337381379290992
21.833333333333332;0.5474944334935241;1.1430066798077712;0.130696796689719;225.86568306618358;386.5063787755345;4.713575803617282;0.4371811844909261;0.12859921612474673;64.69046661885942;28.281454821703676
22.0;0.5474944375835585;1.1430066748997298;0.13069679974817916;225.8257906886941;386.42309527317457;4.704052773552951;0.4466525153287742;0.12859921943931277;63.19077061626352;28.224316641317696
22.166666666666668;0.5474944314365876;1.1430066822760947;0.13069678818669672;225.78503406074822;386.338007472111;4.694323431160794;0.4563290384787134;0.12859920655911217;61.72287584604069;28.16594058696475
22.333333333333332;0.5474944316341716;1.1430066408004724;0.13069679974819337;225.74339445950324;386.2510762820613;4.6843833078798784;0.46621519809108636;0.128599217589646;60.28610813710113;28.106299847279256
22.5;0.5474944294882712;1.1430066841436883;0.13069678496773918;225.70085275535357;386.16226177081796;4.674227835482466;0.4763155376991054;0.1285992176221969;58.87980717230223;28.04536701289478
22.666666666666668;0.5474944276095656;1.1430066868685214;0.13069678496773918;225.65738940475873;386.0715231302594;4.663852350581223;0.4866346965602201;0.12859920969453323;57.50332703624734;27.983114103487328
22.833333333333332;0.5474944173082873;1.1430066992300554;0.1306967962941883;225.6129844406507;385.97881867822093;4.653252085532194;0.4971774146342449;0.12859919601439374;56.156035434016054;27.91951251319315
23.0;0.5474944594930448;1.1430066486083463;0.13069681245033787;225.56761746416336;385.88410582561545;4.642422169651773;0.507948534714098;0.12859919980525597;54.837313456546795;27.85453301791063
23.166666666666668;0.5474943805161533;1.143006743380616;0.1306966827753513;225.52126762941944;385.78734106689393;4.631357627255781;0.5189530064856694;0.12859919695635158;53.546555114334865;27.788145763534676
23.333333333333332;0.5474941943896283;1.143006966732446;0.1306967830413119;225.47391365361895;385.6884799359088;4.620053387845119;0.5301958848335396;0.12859921575426622;52.28316763675708;27.720320327070702
23.5;0.5474941261485163;1.14300628894651;0.13069662410214278;225.42553379214635;385.58747700422583;4.608504238423538;0.5416823366700911;0.12859921575441344;51.04657021035916;27.651025430541214
23.666666666666668;0.5474949190486573;1.1430060971416112;0.13069686145422565;225.3761058092188;385.4842859513216;4.596704896300447;0.5534176372426943;0.12859918197770645;49.83619516576359;27.58022937780267
23.833333333333332;0.5474941359472791;1.143007036863265;0.13069689121920902;225.32560691846842;385.37885932904925;4.584649904923608;0.5654071745626833;0.12859914151145183;48.65148633958835;27.507899429541634
24.0;0.5474942606722624;1.1430068871932852;0.1306967745139218;225.27401406638583;385.2711485991796;4.572333744925545;0.5776564557711864;0.12859920864714872;47.49189971906078;27.434002469553256
24.166666666666668;0.5474945460873277;1.143006544695207;0.13069665109492584;225.22130346735668;385.1611043812832;4.559750772334472;0.5901711185146146;0.1285990421114967;46.35690188104204;27.35850463400682
24.333333333333332;0.5474945945179625;1.143006486578445;0.1306967332508293;225.16745088924918;385.0486761394578;4.546895207540671;0.6029568889632688;0.12859911929080203;45.245973210708186;27.281371245244014
24.5;0.5474935038226437;1.1430077954128277;0.13069712506207765;225.1124316163434;384.9338122002558;4.533761124927574;0.6160196648385695;0.1285988667135127;44.15860126266258;27.202566749565435
24.666666666666668;0.5474932277762797;1.1430070896024518;0.1306964452040657;225.05622048888904;384.8164596537494;4.520342458398224;0.6293654130822278;0.128598851639801;43.09428860661871;27.12205475038933
24.833333333333332;0.5474942128873509;1.1430069445351787;0.13069677768601196;224.9987916053125;384.6965647988988;4.5066331546941845;0.6430002884613186;0.1285989302119305;42.05254556396944;27.039798928165094
25.0;0.5474941918359061;1.1430064865784288;0.13069643130417857;224.94011844917625;384.5740724997239;4.492626810402006;0.6569305649492171;0.12859885026754178;41.03289190767946;26.955760862412028
25.166666666666668;0.5474941918359061;1.1430064865784288;0.13069643130417857;224.88017417105138;384.4489265168958;4.478317063659756;0.6711626248988152;0.12859885026754178;40.03486097875227;26.869902381958525
25.333333333333332;0.5474941918359061;1.1430064865784288;0.13069643130417857;224.81893123123314;384.3210693112611;4.463697303676586;0.6857030150452653;0.12859885026754178;39.05799337967259;26.782183822059505
25.5;0.5474941918359061;1.1430064865784288;0.13069643130417857;224.75636149488952;384.1904421455839;4.44876081417643;0.7005584152023562;0.12859885026754178;38.10184034024975;26.69256488505857
25.666666666666668;0.547494191835915;1.1430064865784288;0.13069650842661035;224.69243621766202;384.0569850101167;4.433500733378587;0.7157356498985772;0.12859916100601984;37.165962606502816;26.60100440027151
25.833333333333332;0.5474942632234047;1.143006871512739;0.13069676030742983;224.62712603246047;383.9206365950318;4.417910041645555;0.7312417293831106;0.12859915366360347;36.24992828600675;26.507460249873315
26.0;0.5474942632234047;1.143006871512739;0.13069676030742983;224.560400923816;383.78133420812816;4.401981554140225;0.7470837399431262;0.12859915366360347;35.3533183935338;26.41188932484134
26.166666666666668;0.5474942632234047;1.1430068774817557;0.13069676582662026;224.49223024685494;383.63901390006976;4.385707983392071;0.7632689602633332;0.1285991870319538;34.475721233670775;26.314247900352413
26.333333333333332;0.5474942632234047;1.1430068841319145;0.13069622922031954;224.42258268401483;383.49361028824484;4.369081852631694;0.7798048301596994;0.12859922603496068;33.61673344652351;26.21449111579015
26.5;0.5474938315287573;1.1430074021654912;0.13069606883118468;224.3514262388571;383.3450565733862;4.352095594160083;0.7966989472276278;0.1285983664922763;32.77596092705739;26.11257356496049
26.666666666666668;0.5474938224399808;1.1430074130720231;0.13069556829376694;224.27872827899168;383.19328444105645;4.334741357419317;0.8139589510546542;0.1285983305516895;31.95302184565512;26.008448144515892
26.833333333333332;0.5474939212974895;1.1430072944430127;0.1306955263124827;224.20445536275466;383.03822425522446;4.317011219473336;0.8315928775089556;0.12859789778265757;31.147533868291294;25.902067316840007
27.0;0.5474935565742799;1.143007732110864;0.13069532453518917;224.1285733551829;382.87980480105784;4.298896974672712;0.849608770992177;0.12859805080833794;30.359128493829733;25.79338184803626
27.166666666666668;0.547494389196533;1.1430067329641604;0.1306955934306229;224.0510474672284;382.71795323530563;4.280390325663918;0.8680149886792984;0.12859847018503598;29.58744064207886;25.682341953983496
27.333333333333332;0.5474944158615777;1.143006700966107;0.130695415487331;223.97184191122165;382.5525954059099;4.2614827033218985;0.8868200270052206;0.12859791345441218;28.832114117085517;25.56889621993138
27.5;0.5474944158612969;1.1430067009664437;0.13069541548301444;223.89092040911171;382.3836552003403;4.242165484673243;0.9060323814461979;0.12859791345769045;28.092807088651384;25.452992908039445
27.666666666666668;0.5474938704171488;1.1430073554994216;0.13069560092491272;223.80824579753983;382.2110550197927;4.222429771584213;0.9256609585167664;0.1285980136434251;27.36917701498414;25.33457862950527
27.833333333333332;0.5474938704171488;1.1430073554994216;0.1306956009249589;223.72378018072777;382.03471547241213;4.202266469046534;0.9457147911886065;0.1285980136434251;26.660890840662315;25.21359881427919
28.0;0.5474938704159072;1.1430073555009113;0.13069560092594656;223.63748467217133;381.8545556453233;4.181666341890198;0.9662030768868273;0.12859801364298656;25.967623837612766;25.089998051341176
28.166666666666668;0.5474938704171488;1.1430073554994216;0.13069560092492338;223.5493196284759;381.67049277469175;4.1606199265984944;0.9871352277489377;0.1285980136434251;25.28905752509532;24.963719559590956
28.333333333333332;0.5474938704159072;1.1430073555009113;0.13069560092597854;223.45924454739833;381.48244230366015;4.1391175546343595;1.0085208598203992;0.12859801364298656;24.62488017573458;24.834705327806144
28.5;0.5474938704159072;1.1430073555009113;0.1306956009259146;223.36721804924196;381.29031784350167;4.117149347997591;1.0303697974716488;0.12859801364298656;23.97478667232116;24.702896087985536
28.666666666666668;0.5474938704171488;1.1430073554994216;0.13069560092500154;223.27319785784573;381.09403113393563;4.0947052146881795;1.0526920779118352;0.1285980136434251;23.338478367637816;24.568231288129066
28.833333333333332;0.5474938704171488;1.1430073554994216;0.1306956009249447;223.1771407811635;380.8934920025808;4.071774844069567;1.0754979557996116;0.1285980136434251;22.715662947265837;24.430649064417388
29.0;0.5474938704171488;1.1430073554994216;0.1306956009249518;223.07900269142243;380.6886083235302;4.04834770213177;1.098797907953876;0.1285980136434251;22.106054295300158;24.29008621279061
29.166666666666668;0.5474938704171488;1.1430073554994216;0.1306956009249447;222.97873850485044;380.47928597503045;4.024413026652585;1.1226026381669585;0.1285980136434251;21.509372362907566;24.1464781599155
29.333333333333332;0.5474938704171488;1.1430073554994216;0.13069560092496602;222.87630216096534;380.2654287962425;3.999959822253392;1.1469230821217724;0.1285980136434251;20.9253430396758;23.999758933520344
29.5;0.5474938704171488;1.1430073554994216;0.13069560092498733;222.77164660141506;380.0469385430663;3.9749768553479554;1.171770412415572;0.1285980136434251;20.353698027689486;23.84986113208772
29.666666666666668;0.5474938704171488;1.1430073554994216;0.13069560092491272;222.66472374835945;379.82371484300836;3.9494526489818265;1.1971560436925437;0.1285980136434251;19.794174718276572;23.69671589389095
29.833333333333332;0.5474938704171488;1.1430073554994216;0.13069560092497667;222.5554844823837;379.5956551490715;3.923375477559945;1.223091637887594;0.1285980136434251;19.24651607136822;23.54025286535966
30.0;0.5474938704171488;1.1430073554994216;0.13069560092494115;222.44387861993337;379.3626546926456;3.8967333614599395;1.249589109583739;0.1285980136434251;18.7104704974166;23.38040016875963
30.166666666666668;0.5474938704171488;1.1430073554994216;0.1306956009249589;222.32985489026052;379.1246064353779;3.869514061528888;1.2766606314855584;0.1285980136434251;18.185791741817294;23.217084369173318
30.333333333333332;0.5474938704159144;1.1430073555009028;0.1306956009299185;222.21336091187032;378.8814010200005;3.841705073460681;1.3043186400112288;0.12859801364240336;17.672238771781746;23.050230440764075
30.5;0.5474938704170889;1.1430073554994935;0.13069560092439403;222.09434316845775;378.6329267200922;3.8132936220506206;1.332575841005477;0.1285980136433087;17.16957566560722;22.879761732303713
30.666666666666668;0.5474938704170889;1.1430073554994935;0.13069560092439403;221.9727469843217;378.37906938875386;3.7842666553310305;1.361445215577411;0.1285980136433087;16.67757150430497;22.70559993198617
30.833333333333332;0.5474938704170889;1.1430073554994935;0.13069560092439758;221.84851649924883;378.1197124061681;3.754610838568442;1.3909400260626554;0.1285980136433087;16.19600026550381;22.527665031410642
31.0;0.5474938704170889;1.1430073554994935;0.1306956009243585;221.721594642851;377.85473662602675;3.7243125481424326;1.4210738221167694;0.1285980136433087;15.724640719627885;22.345875288854586
31.166666666666668;0.5474938704170889;1.1430073554994935;0.13069560092436205;221.5919231083478;377.58402032079556;3.6933578652858614;1.4518604469396414;0.1285980136433087;15.263276328262993;22.160147191715158
31.333333333333332;0.5474938704170889;1.1430073554994935;0.13069560092440113;221.45944232578105;377.30743912579374;3.6617325696906797;1.4833140436349335;0.1285980136433087;14.811695144680584;21.97039541814407
31.5;0.5474938704170889;1.1430073554994935;0.13069560092442423;221.32409143464878;377.024865982062;3.629422132975268;1.5154490617072975;0.1285980136433087;14.369689716471408;21.776532797851598
31.666666666666668;0.547494594517976;1.1430064865784288;0.13069514987265052;221.18580825594643;376.73617107799265;3.5964117120102364;1.548280263700351;0.12859779331584092;13.937056990243747;21.57847027206141
31.833333333333332;0.5474937058983806;1.1430067233711725;0.13069482805054247;221.04452907675062;376.4412220139175;3.562686258492039;1.5818226738919596;0.1285978603227331;13.51359915606586;21.376117550952227
32.0;0.5474937073812043;1.143007668599239;0.1306956514527311;220.90018941711676;376.13988302201096;3.528230251430246;1.6160917750138442;0.12859796318906372;13.099120876597569;21.169381508581466
32.166666666666664;0.5474937339432576;1.1430075192680909;0.13069533676047485;220.752722737555;375.83201547334414;3.493027556873107;1.6511033209672432;0.12859772579647055;12.693430553431991;20.958165341238633
32.333333333333336;0.547493556845417;1.1430077317854996;0.13069503080281097;220.6020612838346;375.51747822151845;3.4570623061130816;1.686873301873413;0.12859765180636404;12.296343663535579;20.742373836678482
32.50000000000001;0.5474937073812043;1.143007551142555;0.13069506097027528;220.44813590650287;375.19612668375447;3.4203179797549508;1.723418192760963;0.12859763284892284;11.907677408031208;20.521907878529696
32.66666666666667;0.5474934418315357;1.1430078698021573;0.13069544813941927;220.2908758038824;374.8678133490708;3.382777605458255;1.7607547967333241;0.12859751604477804;11.527252784093116;20.29666563274952
32.833333333333336;0.5474934418315357;1.1430078698021573;0.13069544813941927;220.1302088532349;374.53238725082775;3.344423832587806;1.79890023610514;0.12859751604477804;11.154894858968712;20.066542995526827
33.00000000000001;0.5474934418315357;1.1430078698021573;0.13069544813941927;219.96606117293877;374.18969439635157;3.3052391538351613;1.8378720679692941;0.12859751604477804;10.790432733940591;19.83143492301096
33.16666666666667;0.5474934418315357;1.1430078698021573;0.13069544813941927;219.79835735558234;373.8395773567885;3.2652055682441334;1.8776881955027491;0.12859751604477804;10.433698979621726;19.59123340946479
33.333333333333336;0.5474944940194931;1.1430066071766083;0.13069451387990977;219.62702036010865;373.4818752927061;3.224304684881245;1.9183669097414429;0.12859717698650802;10.084529716942882;19.345828109287464
33.50000000000001;0.5474941354115127;1.1430070375061847;0.13069488948738694;219.45197114000987;373.1164242839022;3.182518013095918;1.959926787228064;0.12859772553028684;9.742766006878156;19.0951080785755
33.66666666666667;0.5474941354115127;1.1430070375061847;0.13069488948732655;219.27312973636933;372.74305593210244;3.139825943952561;2.0023872091287935;0.12859772553028684;9.408248103977794;18.838955663715357
33.833333333333336;0.5474942856461162;1.1430068572246606;0.13069534966924404;219.0904138607325;372.361598820128;3.0962089814512406;2.0457675059145117;0.12859790565645393;9.080823619985555;18.577253888707435
34.00000000000001;0.5474942623556799;1.143006885173184;0.130694199742239;218.90373952419105;371.97187777220336;3.0516469315299948;2.0900876687678838;0.12859760178549345;8.760341426239656;18.30988158917996
34.16666666666667;0.547494655533565;1.1430064133597218;0.1306954972248775;218.7130210231126;371.57371367286714;3.0061198756532046;2.1353678896865023;0.12859784907182073;8.446656588325503;18.03671925391922
34.333333333333336;0.5474935475829954;1.1430070479699168;0.13069518372811118;218.5181706052457;371.1669238074015;2.9596060476364356;2.181629163393616;0.1285975810482599;8.139621794473932;17.757636285818606
34.50000000000001;0.5474940001508078;1.1430071998190305;0.1306952763065965;218.31909929021623;370.75132088909885;2.9120846435803798;2.2288925561479425;0.12859749282528282;7.839098306146676;17.47250786148227
34.66666666666667;0.5474940001444565;1.1430071998266522;0.13069527630682387;218.11571507330427;370.3267141825488;2.8635336888331344;2.27717984209368;0.12859749283105107;7.544947401783643;17.1812021329988
34.833333333333336;0.5474940001444565;1.1430071998266522;0.13069527630682387;217.90792468983824;369.89290869007993;2.8139309140560074;2.3265132358845713;0.12859749283105107;7.257033926960091;16.883585484336038
35.00000000000001;0.5474939115900685;1.1430073060919177;0.1306953537431219;217.69563268352098;369.44970512689525;2.7632535323567713;2.3769154006604936;0.1285975984657417;6.975225617846361;16.57952119414062
35.16666666666667;0.5474946121042484;1.143006465474902;0.13069521363273462;217.47874156514993;368.9968998487424;2.7114782325056384;2.4284095332974935;0.12859747319507575;6.699392821499353;16.26886939503382
35.333333333333336;0.5474939066158192;1.143006650680484;0.13069493860062753;217.2571513759061;368.5342852158457;2.6585813153819573;2.4810191968328614;0.12859738662384493;6.429409297862172;15.951487892291738
35.50000000000001;0.5474944618793822;1.143006645744822;0.13069464390247276;217.03076089382895;368.0616483087714;2.6045385401157826;2.534768572531733;0.12859721659736456;6.165151095070653;15.62723124069469
35.66666666666667;0.5474944121945093;1.1430068900748886;0.13069521958367214;216.79946560122778;367.57877208813323;2.5493250941220804;2.5896823137946514;0.1285975608844405;5.906496902440276;15.295950564732475
35.833333333333336;0.5474950106891288;1.1430059871730456;0.13069472404583848;216.56315950186752;367.0854346335045;2.492915244346523;2.6457858693216623;0.12859762016177176;5.653326536933239;14.957491466079132
36.00000000000001;0.5474941909316038;1.1430069708820754;0.13069527008030946;216.32173374139995;366.5814097852691;2.435283535333961;2.7031048936668745;0.12859764623408343;5.405525048708848;14.611701212003759
36.16666666666667;0.5474945859261012;1.1430064968886786;0.1306945882997752;216.07507803693971;366.0664651625213;2.376403031311761;2.761665704938512;0.12859747298862217;5.162977605281165;14.258418187870559
36.333333333333336;0.5474945859261012;1.1430064968886786;0.1306945882997752;215.82307853334112;365.54036485535806;2.3162472375903365;2.821495112337078;0.12859747298862217;4.925574162710692;13.897483425542013
36.5;0.5474945859261012;1.1430064968886786;0.1306945882997752;215.5656196503042;365.0028669813012;2.2547882139075495;2.8826206787831574;0.12859747298862217;4.693204826781504;13.52872928344529
36.666666666666664;0.5474945859261012;1.1430064968886786;0.1306945882997752;215.30258311448546;364.45372462064876;2.1919977267678856;2.945070484586242;0.12859747298862217;4.465762849969634;13.151986360607308
36.833333333333336;0.5474945859261012;1.1430064885042783;0.13069516689096694;215.0338480902385;363.89268550436924;2.127846931018416;3.0088732183945783;0.12859745725648275;4.243143748317361;12.767081586110491
37.0;0.5474951843118417;1.14300577882579;0.13069509111937805;214.75929112410367;363.31949190241727;2.0623060664464425;3.074058182314116;0.12859744684360563;4.025244697666642;12.37383639867865
37.166666666666664;0.5474957272129597;1.1430051273444484;0.1306949087208924;214.47878578225178;362.73388085794534;1.995345347405807;3.1406553237542036;0.12859741909558742;3.8119662459884136;11.972072084434837
37.333333333333336;0.5474959327855856;1.1430048806572972;0.13069467027878545;214.19220322051777;362.1355833348999;1.9269340705955003;3.208695226966686;0.12859694551753043;3.6032105281942486;11.561604423572996
37.5;0.5474959327855856;1.1430048806572972;0.13069467027878545;213.8994119561323;361.5243242840724;1.8570408431432464;3.278208904061945;0.12859694551752948;3.398881945886182;11.142245058859473
37.666666666666664;0.5474960553808089;1.1430047335430293;0.13069449947010758;213.60027761583305;360.8998228212129;1.7856334378396872;3.3492285363699934;0.12859690929448941;3.1988861048730035;10.713800627038118
37.833333333333336;0.5474960553808089;1.1430047335430293;0.13069446885435942;213.29466271379448;360.2617921427482;1.7126791466443743;3.4217867284830454;0.12859699902955687;3.003131315674328;10.276074879866242
38.0;0.5474959761048611;1.1430048246422757;0.13069454344070408;212.982426924428;359.6099390714431;1.6381443801423763;3.4959168844970105;0.12859696802406845;2.811527449191179;9.828866280854253
38.166666666666664;0.5474960553808614;1.1430047335429663;0.1306944746501887;212.66342685325148;358.943964093855;1.5619948366213787;3.571652990066409;0.1285969322773828;2.6239864415143006;9.371969019728269
38.333333333333336;0.5474960083719563;1.1430047335429663;0.13069536552381966;212.33751586604305;358.2635613814852;1.484195618093128;3.64902983306598;0.12859688691371876;2.440422280975565;8.905173708558763
38.5;0.5474954081737254;1.1430055101915295;0.1306943480716255;212.00454432137076;357.5684183194796;1.4047104034531477;3.7280829517778145;0.12859691656034408;2.2607497015858216;8.428262420718882
38.666666666666664;0.5474955019653294;1.1430053976416048;0.1306944894777911;211.66435960513925;356.85821509342406;1.3235038416298905;3.808848707694169;0.12859694471430885;2.0848880223931867;7.94102304977934
38.833333333333336;0.5474955638626587;1.1430053233648096;0.13069441227650147;211.31680501595108;356.1326259881416;1.2405379187381849;3.8913642034865537;0.1285962748920696;1.9127553020506747;7.443227512429106
39.0;0.5416340035425431;1.1418314825107245;0.12471728522191228;210.96172090948727;355.39131765485223;1.155774659150103;3.975666884090005;0.12216646114746611;1.7442728873115572;6.9346479549006155
39.166666666666664;0.5360702554725202;1.1407198094545947;0.11904049331032596;210.60282818095706;354.63472738614735;1.0731355956950424;4.057445467843362;0.1160581380900928;1.5869131514397528;6.4388135741702515
39.333333333333336;0.531392006252982;1.1407198094545947;0.11383603325147718;210.24031554287163;353.86332598265557;0.9926355440164056;4.136692698549766;0.11025523118558815;1.4397524056322601;5.955813264098431
39.5;0.524890930450422;1.138855042338946;0.10858670050619756;209.8739479708159;353.0768580981786;0.9141514294191966;4.213410755323545;0.10474246962630873;1.3017740009290868;5.484908576515177
39.666666666666664;0.5193504418422208;1.1360638492968747;0.10326415429713087;209.50535112219396;352.2771140841544;0.837898034119545;4.287610366528761;0.09950534614499329;1.17253849462712;5.027388204717267
39.833333333333336;0.5135565938038932;1.13341221590656;0.09820773539724259;209.13422239914328;351.4652808946071;0.7641052910436776;4.359309956522064;0.09453007883774361;1.051687489989761;4.584631746262064
40.0;0.5107867726901532;1.1308931641872357;0.09340413744541809;208.7610970037088;350.6417983683329;0.6927522979228969;4.428534829646485;0.08980357489585643;0.9385753860874976;4.15651378753738
40.166666666666664;0.5066549573564316;1.12850006505206;0.088840719392692;208.38409083481196;349.80709840729753;0.6238117186045433;4.495316394772451;0.0853133961510636;0.8326155453662386;3.742870311627258
40.333333333333336;0.5043855975617715;1.1262266208744545;0.08450547224163063;208.00449511209578;348.9616042666425;0.5572505282029854;4.559691432674066;0.08104772634351042;0.7332739985997446;3.343503169217911
40.5;0.502229705750706;1.1240668489054682;0.08038698747464756;207.62118799743467;348.10572995423405;0.4930307152372788;4.621701407654899;0.07699534002633489;0.6400639138054326;2.9581842914236716
40.666666666666664;0.4994302135813885;1.1220150655357808;0.07647442691991979;207.23432870776233;347.23987973125327;0.43110993970915956;4.681391824089206;0.07314557302501815;0.5525407262311794;2.586659638254956
40.833333333333336;0.49941246504476555;1.1219998283005106;0.07644674491045933;206.84465728800183;346.3644477055359;0.37144214688668953;4.738811627911771;0.07311752050777798;0.4702978418034789;2.2286528813201363
41.0;0.49941246504476555;1.1219998283005106;0.07644674491045955;206.45022035525545;345.478290066725;0.31106435960374124;4.796913289063509;0.07311752050777798;0.38908065356895727;1.8663861576224465
41.166666666666664;0.49941246821021845;1.1219998542843022;0.07644670543261473;206.0509473068726;344.58126741894137;0.24994629184263595;4.855727323547142;0.07311752590958223;0.3088471924243658;1.499677751055815
41.333333333333336;0.49941246821021845;1.1219998542843022;0.07644670543261395;205.6467788456045;343.673246527364;0.1880788991152514;4.915262470060774;0.07311752590958223;0.22958558196334838;1.128473394691508
41.5;0.4994124551277716;1.1219998537765845;0.07644670615180882;205.2376549519255;342.7540925648344;0.125452962086465;4.975527565649843;0.07311752593135998;0.151284012114699;0.7527177725187897
41.666666666666664;0.49825959234188977;1.1202731324441948;0.07393085386523647;204.82351487907263;341.82366903131435;0.06205917979288861;5.036531560099012;0.07086241902283379;0.07393085386523647;0.3723550787573315
41.833333333333336;0.47631288357574214;1.0992137179869657;0.02;204.40526485208062;340.88328720006666;0.0;5.096367677216691;0.019679015564436332;0.02;0.0
42.0;0.4763128835757422;1.099213526535383;0.02;204.00068725473108;339.94962098961634;-0.016987892257388976;5.1131103686552715;0.019679015564363883;0.02;-0.10192735354433381
42.166666666666664;0.4763128835757422;1.099213672919305;0.02;203.5947805307752;339.0128876429673;-0.03403159348623989;5.129908063526502;0.01967903452929843;0.02;-0.20418956091743923
42.333333333333336;0.4763128835757422;1.0992136768760998;0.02;203.18754031373908;338.0730767955928;-0.051131287031328236;5.146760958796843;0.019679036215220824;0.02;-0.3067877221879693
42.5;0.4763128835757422;1.0992136897082243;0.02;202.77896222151247;337.13017845600586;-0.06828715689398439;5.16366922104815;0.019679003364734136;0.02;-0.40972294136390613
42.666666666666664;0.4763128835757422;1.0992136897086153;0.02;202.36904185876102;336.184182473189;-0.08549938763081157;5.180633002362792;0.019679003365985773;0.02;-0.5129963257848692
42.833333333333336;0.4763128835757422;1.0992136897086153;0.02;201.95777481807718;335.23507868693014;-0.10276816430535421;5.197652513405611;0.019679003365985773;0.02;-0.616608985832125
43.0;0.4763128835757422;1.0992136897086153;0.02;201.5451566753297;334.2828568874162;-0.12009367268337293;5.214727937259858;0.019679003365985773;0.02;-0.7205620361002373
43.166666666666664;0.4763128835757422;1.0992136897086153;0.02;201.13118299185317;333.3275068312925;-0.1374760991409058;5.231859457611331;0.019679003365985773;0.02;-0.8248565948454345
43.333333333333336;0.4763128835757422;1.0992136897086153;0.02;200.71584931440017;332.36901824155285;-0.15491563066627692;5.249047258749278;0.019679003365985773;0.02;-0.9294937839976611
43.5;0.4763128835757422;1.0992136897086153;0.02;200.29915117509347;331.40738080742875;-0.17241245486210785;5.266291525568375;0.019679003365985773;0.02;-1.0344747291726466
43.666666666666664;0.4763128835757422;1.0992136814863285;0.02;199.8810840913778;330.44258418427853;-0.18996675994733578;5.283592443570719;0.019679007105816708;0.02;-1.1398005596840142
43.833333333333336;0.4763128835757422;1.0992137179869657;0.02;199.46164356597177;329.47461800071676;-0.2075787347592382;5.300950202171932;0.019679005593483453;0.02;-1.2454724085554285
44.0;0.47631288357574214;1.0992137476485369;0.02;199.0408250865571;328.50347180395124;-0.22524856876647797;5.318364983472018;0.019679031730668404;0.02;-1.3514914125988673
44.166666666666664;0.47631288357574214;1.0992137476485369;0.02;198.61862412635946;327.5291351531437;-0.24297645204471804;5.3358369993831145;0.019679018354539637;0.02;-1.4578587122683075
44.333333333333336;0.47631288357574214;1.0992137476485369;0.02;198.19503614178174;326.5515975889881;-0.2607625753759951;5.3533664028312895;0.019679018354539637;0.02;-1.56457545225597
44.5;0.47631288357574214;1.0992137476485369;0.02;197.77005657708673;325.5708485979561;-0.2786071300520994;5.370953394242756;0.019679018374954588;0.02;-1.6716427803125957
44.666666666666664;0.47631288357574214;1.0992137476485369;0.02;197.34368086062628;324.58687762980094;-0.2965103080329086;5.388598162825031;0.01967901821346982;0.02;-1.779061848197451
44.833333333333336;0.47631288357574214;1.0992137476485369;0.02;196.91590440573194;323.59967409961246;-0.31447230190899206;5.406300898225106;0.01967901821346982;0.02;-1.8868338114539516
45.0;0.47631288357574214;1.0992137042082217;0.02;196.48672261067998;322.60922738773684;-0.33249330490307577;5.4240617910218125;0.01967901749840943;0.02;-1.9949598294184538
45.166666666666664;0.47631288357574214;1.0992137042134573;0.02;196.05613085861754;321.61552687887627;-0.3505735108731485;5.441881031626502;0.01967901750072663;0.02;-2.10344106523889
45.333333333333336;0.47631288357574214;1.0992137042144572;0.02;195.62412451757584;320.6185618444324;-0.3687131143119035;5.459758812373137;0.01967901750405203;0.02;-2.21227868587142
45.5;0.47631288357574214;1.0992137027139743;0.019999937067795237;195.1906989403176;319.6183215597214;-0.3869123103531473;5.477695325579942;0.019678983616911918;0.02;-2.321473862118883
45.666666666666664;0.47631288357574214;1.0992137027146498;0.019999937068558182;194.75584946433818;318.6147952661931;-0.4051712373178398;5.4956907331541185;0.01967898361773153;0.02;-2.4310274239070377
45.833333333333336;0.47631288357574214;1.0992137027188815;0.02;194.31957141428;317.60797217289894;-0.4234901487863966;5.513745259514324;0.01967898362494838;0.02;-2.5409408927183788
46.0;0.4763128835757422;1.0992141430827225;0.02;193.88186009696977;316.597841449139;-0.4418692996514444;5.531859098884392;0.019678936850282304;0.02;-2.651215797908665
46.166666666666664;0.4763128835757422;1.0992141430827225;0.02;193.44271080381571;315.5843918226333;-0.46030882998105904;5.55003240284687;0.019678936850282304;0.02;-2.761852979886353
46.333333333333336;0.4763128835757422;1.0992141817904435;0.02;193.00211881419258;314.56761280400383;-0.47880893799054863;5.568265409880415;0.019678789237930226;0.02;-2.8728536279432904
46.5;0.4763128835757422;1.099214197548603;0.02;192.5600793885434;313.5474934195849;-0.49736982269015;5.586558178681159;0.019679013169569798;0.02;-2.984218936140899
46.666666666666664;0.4763128835757422;1.0992141975483491;0.02;192.11658778265152;312.52402274201194;-0.5159916832857538;5.604911251754369;0.01967901316832041;0.02;-3.0959500997145217
46.833333333333336;0.4763128835757422;1.0992141975483491;0.02;191.67163920923332;311.49718973802413;-0.5346747207916017;5.6233246187104875;0.01967901316832041;0.02;-3.2080483247496088
47.0;0.4763128835757422;1.0992141975483491;0.02;191.2252288818299;310.46698336163917;-0.5534191361873033;5.641798477629357;0.01967901316832041;0.02;-3.3205148171238186
47.166666666666664;0.4763128835757422;1.0992141975483491;0.02;190.77735199825776;309.43339253058633;-0.5722251311127345;5.660333027240387;0.01967901316832041;0.02;-3.4333507866764057
47.333333333333336;0.4763128835757422;1.0992141975483491;0.02;190.3280037405571;308.39640612618723;-0.5910929078702025;5.678928466925858;0.01967901316832041;0.02;-3.5465574472212134
47.5;0.4763128835757422;1.0992141975483491;0.02;189.87717927494015;307.35601299323616;-0.6100226694266221;5.697584996723065;0.01967901316832041;0.02;-3.660136016559731
47.666666666666664;0.4763128835757422;1.0992141975483491;0.02;189.42487375173897;306.3122019398801;-0.629014619415699;5.7163028173264685;0.01967901316832041;0.02;-3.7740877164941926
47.833333333333336;0.4763128835757422;1.0992141975483491;0.02;188.9710823053535;305.26496173749825;-0.6480689621401206;5.7350821300898565;0.01967901316832041;0.02;-3.8884137728407215
48.0;0.4763128835757422;1.0992132372731827;0.02;188.51580005419902;304.21428112058146;-0.6671859025737534;5.753923137028507;0.01967872310005769;0.02;-4.003115415442519
48.166666666666664;0.4763128835757422;1.0992132372731827;0.02;188.0590221006538;303.16014970750246;-0.6863656463638484;5.772825761735766;0.01967872310005769;0.02;-4.118193878183089
48.333333333333336;0.4763128835757422;1.0992132372731827;0.02;187.6007435531617;302.10255529187384;-0.7056083989029677;5.791790484808317;0.01967872310005769;0.02;-4.233650393417804
48.5;0.4763121932921135;1.0992137476484913;0.019999308356251504;187.1409594820141;301.0414864971381;-0.724914367185662;5.810817510249944;0.019678723100121472;0.02;-4.349486203113971
48.666666666666664;0.476312193292336;1.0992137476484913;0.019999308356569472;186.6796656098262;299.9769314150809;-0.7442830890505611;5.82990704273468;0.019678723100121472;0.02;-4.465698534303365
48.833333333333336;0.476312193292336;1.099214427939728;0.02;186.21685630812362;298.9088790869331;-0.7637154404901922;5.849059287608825;0.01967908525982925;0.02;-4.582292642941152
49.0;0.4763122313349868;1.1003843734129903;0.01999983019147809;185.75252659846063;297.837317360464;-0.7832123047822217;5.868274805102107;0.019678848490945727;0.02;-4.699273828693328
49.166666666666664;0.4763122313349868;1.1003854844767602;0.02;185.28667142070978;296.7610910447261;-0.802773054718717;5.887553217699254;0.01967954458616558;0.02;-4.816638328312299
49.333333333333336;0.4763122313349868;1.1003856815653112;0.02;184.81928581900547;295.68132802808594;-0.8223982321110478;5.906895648887195;0.019679748485061262;0.02;-4.934389392666285
49.5;0.4763122313349868;1.100385685138097;0.02;184.35036471120807;294.59801746232995;-0.8420878842740052;5.926301827331528;0.01967975518693546;0.02;-5.052527305644029
49.666666666666664;0.47631167630553084;1.1003850260327241;0.02;183.87990303671793;293.5111478462294;-0.8618422236984435;5.945771768370239;0.019679125607320512;0.02;-5.171053342190659
49.833333333333336;0.47631167630553084;1.1003859787143313;0.02;183.40789628373085;292.42070814254225;-0.8816614629263444;5.965305048926731;0.019679230859599054;0.02;-5.289968777558064
50.0;0.47631167630553084;1.1003859787143313;0.02;182.9343388758095;291.3266851367768;-0.9015458130894335;5.984902605963305;0.019679230859599054;0.02;-5.409274878536599
50.166666666666664;0.47631167630553084;1.1003866028233287;0.02;182.45922571034754;290.229067984848;-0.9214954884426445;6.004564546001026;0.019679233175753777;0.02;-5.528972930655865
50.333333333333336;0.47631180967437725;1.1003868407634751;0.02;181.98255167628244;289.12784425448007;-0.9415107035959813;6.0242910828800955;0.019679172996912943;0.02;-5.649064221575886
50.5;0.47631180967437725;1.1003860158947534;0.02;181.50431151166714;288.02300248239175;-0.9615916738722483;6.044082365878835;0.01967903225949306;0.02;-5.769550043233488
50.666666666666664;0.47631180967437725;1.1003860158948202;0.02;181.02450021008167;286.9145318633369;-0.9817386150918445;6.063938525889523;0.019679032259570964;0.02;-5.890431690551064
50.833333333333336;0.47631180967437725;1.1003860158947534;0.02;180.5431126212449;285.80241967081446;-1.0019517435114762;6.083859917819133;0.01967903225949306;0.02;-6.011710461068854
51.0;0.47631180967437725;1.1003860158941183;0.02;180.06014356670124;284.68665394144267;-1.0222312765708734;6.103846755968925;0.019679032259122882;0.02;-6.133387659425238
51.166666666666664;0.47631180967437725;1.1003860158948202;0.02;179.5755878509828;283.56722267253787;-1.0425774324241033;6.123899255344045;0.019679032259570964;0.02;-6.255464594544617
51.333333333333336;0.47631180967437725;1.1003860158940544;0.02;179.0894402615534;282.44411382198297;-1.0629904299419168;6.144017631657113;0.019679032259046998;0.02;-6.377942579651498
51.5;0.47631180967437725;1.1003860158940544;0.02;178.6016955687524;281.31731530810265;-1.0834704887141071;6.164202101327582;0.019679032259046998;0.02;-6.50082293228464
51.666666666666664;0.47631180967437725;1.1003860158940544;0.02;178.11234852573875;280.1868150095284;-1.1040178290518656;6.184452881487426;0.019679032259046998;0.02;-6.624106974311191
51.833333333333336;0.47631180967437725;1.1003860158940544;0.02;177.6213938684342;279.052600765071;-1.1246326719901572;6.204770189981406;0.019679032259046998;0.02;-6.74779603194094
52.0;0.47631180967437725;1.1003860158940544;0.02;177.12882631546694;277.9146603735891;-1.1453152392900952;6.2251542453699535;0.019679032259046998;0.02;-6.871891435740568
52.166666666666664;0.47631180967437725;1.1003860158940544;0.02;176.63464056811455;276.77298159385765;-1.1660657534413283;6.24560526693152;0.019679032259046998;0.02;-6.996394520647967
52.333333333333336;0.47631180967437725;1.1003860158940544;0.02;176.1388313102472;275.6275521444367;-1.1868844376644334;6.266123474664934;0.019679032259046998;0.02;-7.121306625986597
52.5;0.47631180967437725;1.1003860158940544;0.02;175.64139320827042;274.4783597035389;-1.2077715159133164;6.286709089291772;0.019679032259046998;0.02;-7.2466290954798955
52.666666666666664;0.47631180967437725;1.1003860158940544;0.02;175.1423209110676;273.32539190889713;-1.2287272128776223;6.307362332258728;0.019679032259046998;0.02;-7.37236327726573
52.833333333333336;0.47631180967437725;1.1003860158940544;0.02;174.6416090499426;272.1686363576314;-1.2497517539851515;6.328083425739998;0.019679032259046998;0.02;-7.498510523910905
53.0;0.47631180967437725;1.1003860158940544;0.02;174.13925223856182;271.0080806061155;-1.2708453654042848;6.348872592639671;0.019679032259046998;0.02;-7.625072192425706
53.166666666666664;0.47631180967437725;1.1003860158940544;0.02;173.63524507289645;269.84371216984323;-1.2920082740464172;6.369730056594124;0.019679032259046998;0.02;-7.752049644278499
53.333333333333336;0.47631180967437725;1.1003860158940544;0.02;173.12958213116417;268.6755185232939;-1.3132407075683976;6.39065604197443;0.019679032259046998;0.02;-7.879444245410382
53.5;0.47631180967437725;1.1003860158940544;0.02;172.62225797377096;267.5034870997976;-1.334542894374979;6.4116507738887725;0.019679032259046998;0.02;-8.00725736624987
53.666666666666664;0.47631180967437725;1.1003860158940544;0.02;172.11326714325244;266.32760529140035;-1.355915063621275;6.432714478184864;0.019679032259046998;0.02;-8.135490381727646
53.833333333333336;0.47631180967437725;1.1003860158940544;0.02;171.6026041642153;265.147860448728;-1.3773574452152244;6.453847381452379;0.019679032259046998;0.02;-8.264144671291342
54.0;0.47631180967437725;1.1003860158940544;0.02;171.09026354327833;263.9642398808506;-1.3988702698200657;6.475049711025386;0.019679032259046998;0.02;-8.393221618920391
54.166666666666664;0.47631180967437725;1.1003860158940544;0.02;170.5762397690133;262.7767308551454;-1.420453768856817;6.496321694984801;0.019679032259046998;0.02;-8.522722613140898
54.333333333333336;0.47631180967437725;1.1003860158940544;0.02;170.06052731188578;261.5853205971603;-1.4421081745067663;6.517663562160835;0.019679032259046998;0.02;-8.652649047040594
54.5;0.47631180967437725;1.1003860158940544;0.02;169.54312062419552;260.3899962904763;-1.463833719713969;6.539075542135456;0.019679032259046998;0.02;-8.78300231828381
54.666666666666664;0.47631180967437725;1.1003860158940544;0.02;169.02401414001685;259.1907450765695;-1.485630638187754;6.560557865244862;0.019679032259046998;0.02;-8.91378382912652
54.833333333333336;0.47631180967437725;1.1003860158940544;0.02;168.5032022751388;257.98755405467296;-1.507499164405237;6.582110762581955;0.019679032259046998;0.02;-9.044994986431417
55.0;0.47631180967437725;1.1003860158940544;0.02;167.98067942700501;256.7804102816378;-1.5294395336138433;6.603734465998831;0.019679032259046998;0.02;-9.176637201683056
55.166666666666664;0.47631180967437725;1.1003860158940544;0.02;167.45643997465353;255.569300771794;-1.5514519818338395;6.625429208109269;0.019679032259046998;0.02;-9.308711891003032
55.333333333333336;0.47631180967437725;1.1003860158940544;0.02;166.9304782786562;254.35421249681076;-1.5735367458608704;6.64719522229124;0.019679032259046998;0.02;-9.441220475165219
55.5;0.47631180967437725;1.1003860158940544;0.02;166.40278868105813;253.13513238555626;-1.595694063268508;6.669032742689409;0.019679032259046998;0.02;-9.574164379611043
55.666666666666664;0.47631180967437725;1.1003860158940544;0.02;165.87336550531677;251.9120473239571;-1.617924172410806;6.690942004217663;0.019679032259046998;0.02;-9.707545034464832
55.833333333333336;0.47631180967437725;1.1003860158940544;0.02;165.3422030562409;250.68494415485722;-1.640227312424865;6.712923242561632;0.019679032259046998;0.02;-9.841363874549186
56.0;0.47631180967437725;1.1003860158940544;0.02;164.80929561992926;249.4538096778764;-1.6626037232334037;6.734976694181225;0.019679032259046998;0.02;-9.975622339400418
56.166666666666664;0.47631180967437725;1.1003860158940544;0.02;164.2746374637092;248.21863064926816;-1.685053645547341;6.757102596313175;0.019679032259046998;0.02;-10.110321873284041
56.333333333333336;0.47631180967437725;1.1003860158940544;0.02;163.73822283607498;246.97939378177742;-1.7075773208683849;6.779301186973591;0.019679032259046998;0.02;-10.245463925210304
56.5;0.47631180967437725;1.1003860158940544;0.02;163.2000459666258;245.73608574449747;-1.7301749914916302;6.801572704960518;0.019679032259046998;0.02;-10.381049948949777
56.666666666666664;0.47631180967437725;1.1003860158940544;0.02;162.66010106600388;244.4886931627266;-1.7528469005081653;6.823917389856505;0.019679032259046998;0.02;-10.517081403048987
56.833333333333336;0.47631180967437725;1.1003860158940544;0.02;162.11838232583204;243.2372026178242;-1.7755932918076869;6.8463354820311855;0.019679032259046998;0.02;-10.653559750846117
57.0;0.47631180967437725;1.1003860158940544;0.02;161.57488391865135;241.98160064706647;-1.7984144100811241;6.868827222643858;0.019679032259046998;0.02;-10.79048646048674
57.166666666666664;0.47631180967437725;1.1003860158940544;0.02;161.02959999785833;240.72187374350153;-1.8213105008232704;6.891392853646084;0.019679032259046998;0.02;-10.927863004939617
57.333333333333336;0.47631180967437725;1.1003860158940544;0.02;160.48252469764213;239.45800835580414;-1.844281810335424;6.914032617784293;0.019679032259046998;0.02;-11.065690862012538
57.5;0.47631180967437725;1.1003860158940544;0.02;159.9336521329214;238.18999088812993;-1.8673285857280382;6.936746758602386;0.019679032259046998;0.02;-11.203971514368224
57.666666666666664;0.47631180967437725;1.1003860158940544;0.02;159.38297639928092;236.9178076999692;-1.8904510749233794;6.959535520444362;0.019679032259046998;0.02;-11.342706449540271
57.833333333333336;0.47631180967437725;1.1003860158940544;0.02;158.83049157290827;235.64144510600002;-1.9136495266581939;6.982399148456946;0.019679032259046998;0.02;-11.481897159949158
58.0;0.47631180967437725;1.1003860158940544;0.02;158.27619171052987;234.36088937594127;-1.9369241904863836;7.005337888592223;0.019679032259046998;0.02;-11.621545142918297
58.166666666666664;0.47631180967437725;1.1003860158940544;0.02;157.72007084934722;233.07612673440465;-1.960275316781691;7.028351987610286;0.019679032259046998;0.02;-11.761651900690142
58.333333333333336;0.47631180967437725;1.1003860158940544;0.02;157.1621230069727;231.78714336074674;-1.983703156740392;7.051441693081889;0.019679032259046998;0.02;-11.902218940442348
58.5;0.47631180967437725;1.1003860158940544;0.02;156.60234218136517;230.49392538892013;-2.0072079623839985;7.074607253391115;0.019679032259046998;0.02;-12.043247774303985
58.666666666666664;0.47631180967437725;1.1003860158940544;0.02;156.04072235076546;229.19645890732443;-2.030789986561969;7.097848917738038;0.019679032259046998;0.02;-12.184739919371808
58.833333333333336;0.47631180967437725;1.1003860158940544;0.02;155.4772574736316;227.89472995865648;-2.0544494829544293;7.1211669361414165;0.019679032259046998;0.02;-12.32669689772657
59.0;0.47631180967437725;1.1003860158940544;0.02;154.91194148857377;226.5887245397603;-2.078186706074901;7.144561559441371;0.019679032259046998;0.02;-12.469120236449399
59.166666666666664;0.47631180967437725;1.1003860158940544;0.02;154.34476831428918;225.27842860147638;-2.102001911273039;7.168033039302091;0.019679032259046998;0.02;-12.612011467638228
59.333333333333336;0.47631180967437725;1.1003860158940544;0.02;153.77573184949657;223.96382804849063;-2.1258953547373793;7.1915816282145375;0.019679032259046998;0.02;-12.75537212842427
59.5;0.47631180967437725;1.1003860158940544;0.02;153.2048259728706;222.64490873918265;-2.1498672934980947;7.215207579499162;0.019679032259046998;0.02;-12.899203760988563
59.666666666666664;0.47631180967437725;1.1003860158940544;0.02;152.63204454297602;221.3216564854737;-2.1739179854297586;7.238911147308628;0.019679032259046998;0.02;-13.043507912578546
59.833333333333336;0.47631180967437725;1.1003860158940544;0.02;152.05738139820158;219.99405705267404;-2.1980476892541208;7.262692586630551;0.019679032259046998;0.02;-13.188286135524718
60.0;0.47631180967437725;1.1003860158940544;0.02;151.48083035669382;218.66209615932976;-2.2222566645428894;7.286552153290233;0.019679032259046998;0.02;-13.33353998725733
60.166666666666664;0.47631180967437725;1.1003860158940544;0.02;150.9023852162904;217.32575947706923;-2.2465451717205234;7.310490103953424;0.019679032259046998;0.02;-13.479271030323135
60.333333333333336;0.47631180967437725;1.1003860158940544;0.02;150.32203975445364;215.98503263044884;-2.270913472067035;7.334506696129075;0.019679032259046998;0.02;-13.625480832402204
60.5;0.47631180967437725;1.1003860158940544;0.02;149.73978772820328;214.63990119679855;-2.2953618277207988;7.358602188172112;0.019679032259046998;0.02;-13.772170966324786
60.666666666666664;0.47631180967437725;1.1003860158940544;0.02;149.1556228740496;213.29035070606656;-2.3198905016813725;7.382776839286215;0.019679032259046998;0.02;-13.919343010088228
60.833333333333336;0.47631180967437725;1.1003860158940544;0.02;148.56953890792587;211.93636664066372;-2.3444997578123266;7.407030909526608;0.019679032259046998;0.02;-14.066998546873952
61.0;0.47631180967437725;1.1003860158940544;0.02;147.98152952512078;210.57793443530738;-2.369189860844082;7.431364659802849;0.019679032259046998;0.02;-14.215139165064484
61.166666666666664;0.47631180967437725;1.1003860158940544;0.02;147.39158840021062;209.21503947686466;-2.393961076376758;7.455778351881648;0.019679032259046998;0.02;-14.36376645826054
61.333333333333336;0.47631180967437725;1.1003860158940544;0.02;146.79970918699132;207.8476671041953;-2.41881367088303;7.480272248389674;0.019679032259046998;0.02;-14.512882025298174
61.5;0.47631180967437725;1.1003860158940544;0.02;146.20588551841007;206.4758026079939;-2.4437479117109957;7.504846612816385;0.019679032259046998;0.02;-14.662487470265967
61.666666666666664;0.47631180967437725;1.1003860158940544;0.02;145.61011100649688;205.09943123063172;-2.4687640670870503;7.529501709516858;0.019679032259046998;0.02;-14.812584402522296
61.833333333333336;0.47631180967437725;1.1003860158940544;0.02;145.01237924229582;203.71853816599793;-2.4938624061187733;7.5542378037146385;0.019679032259046998;0.02;-14.963174436712633
62.0;0.47631180967437725;1.1003860158940544;0.02;144.41268379579617;202.3331085593403;-2.519043198797822;7.579055161504588;0.019679032259046998;0.02;-15.114259192786927
62.166666666666664;0.47631180967437725;1.1003860158940544;0.02;143.81101821586313;200.94312750710543;-2.5443067160028376;7.6039540498557505;0.019679032259046998;0.02;-15.26584029601702
62.333333333333336;0.47631180967437725;1.1003860158940544;0.02;143.20737603016852;199.5485800567784;-2.569653229502357;7.628934736614223;0.019679032259046998;0.02;-15.417919377014135
62.5;0.47631180967437725;1.1003860158940544;0.02;142.6017507451211;198.14945120672195;-2.5950830119577377;7.653997490506036;0.019679032259046998;0.02;-15.57049807174642
62.666666666666664;0.47631180967437725;1.1003860158940544;0.02;141.99413584579676;196.7457259060151;-2.6205963369260914;7.679142581140045;0.019679032259046998;0.02;-15.723578021556541
62.833333333333336;0.47631180967437725;1.1003860158940544;0.02;141.38452479586837;195.33738905429126;-2.646193478863225;7.704370279010832;0.019679032259046998;0.02;-15.877160873179342
63.0;0.47631180967437725;1.1003860158940544;0.02;140.77291103753552;193.9244255015757;-2.6718747131265945;7.729680855501613;0.019679032259046998;0.02;-16.03124827875956
63.166666666666664;0.47631180967437725;1.1003860158940544;0.02;140.15928799145397;192.5068200481227;-2.6976403159782665;7.755074582887158;0.019679032259046998;0.02;-16.18584189586959
63.333333333333336;0.47631180967437725;1.1003860158940544;0.02;139.54364905666483;191.08455744425197;-2.72349056458789;7.780551734336721;0.019679032259046998;0.02;-16.340943387527332
63.5;0.47631180967437725;1.1003860158940544;0.02;138.92598761052366;189.65762239018457;-2.749425737035679;7.8061125839169785;0.019679032259046998;0.02;-16.496554422214068
63.666666666666664;0.47631180967437725;1.1003860158940544;0.02;138.3062970086291;188.22599953587843;-2.7754461123154024;7.831757406594977;0.019679032259046998;0.02;-16.652676673892408
63.833333333333336;0.47631180967437725;1.1003860158940544;0.02;137.68457058475144;186.78967348086312;-2.8015519703373855;7.857486478241091;0.019679032259046998;0.02;-16.809311822024306
64.0;0.47631180967437725;1.1003860158940544;0.02;137.06080165076094;185.34862877407426;-2.8277435919315224;7.88330007563199;0.019679032259046998;0.02;-16.966461551589127
64.16666666666667;0.47631180967437725;1.1003860158940544;0.02;136.43498349655587;183.90284991368725;-2.854021258850296;7.909198476453618;0.019679032259046998;0.02;-17.12412755310177
64.33333333333333;0.47631180967437725;1.1003860158940544;0.02;135.8071093899903;182.45232134695055;-2.880385253771808;7.935181959304178;0.019679032259046998;0.02;-17.28231152263084
64.5;0.47631180967437725;1.1003860158940544;0.02;135.1771725768017;180.99702747001837;-2.906835860302822;7.961250803697132;0.019679032259046998;0.02;-17.441015161816924
64.66666666666667;0.47631180967437725;1.1003860158940544;0.02;134.54516628053827;179.53695262778277;-2.933373362981812;7.987405290064204;0.019679032259046998;0.02;-17.600240177890864
64.83333333333333;0.47631180967437725;1.1003860158940544;0.02;133.91108370248608;178.07208111370528;-2.959998047282026;8.0136456997584;0.019679032259046998;0.02;-17.75998828369215
65.00000000000001;0.47631180967437725;1.1003860158940544;0.02;133.27491802159588;176.60239716964801;-2.986710199614554;8.039972315057033;0.019679032259046998;0.02;-17.920261197687317
